3032, 4157, 4292, 4280, 4525, 4372, 4475, 4408, 4509, 4480, 4461, 4532, 4506, 4463, 4595, 4583, 4530, 4582, 4608, 4545, 4539, 4473, 4463, 4543, 4479, 4504, 4553, 4598, 4507, 4681, 4710, 4514, 4687, 4612, 4575, 4502, 4352, 4666, 4679, 4652, 4642, 4511, 4631, 4694, 4753, 4691, 4600, 4424, 4563, 4504, 4359, 4621, 4397, 4600, 4430, 4566, 4551, 4639, 4478, 4538, 4527, 4567, 4706, 4579, 4603, 4547, 4634, 4655, 4645, 4569, 4473, 4569, 4507, 4465, 4592, 4470, 4447, 4492, 4503, 4533, 4576, 4620, 4486, 4539, 4666, 4620, 4604, 4582, 4663, 4656, 4553, 4345, 4396, 4373, 4248, 4145, 4318, 4146, 4126, 2975, 
4161, 5164, 5283, 5440, 5561, 5585, 5700, 5625, 5699, 5828, 5836, 5796, 5832, 5723, 5744, 5633, 5730, 5718, 5875, 5911, 5843, 5664, 5732, 5635, 5495, 5707, 5734, 5666, 5709, 5843, 5706, 5784, 5868, 5848, 5764, 5661, 5767, 5666, 5871, 5684, 5705, 5791, 5987, 5976, 5939, 5932, 5777, 5796, 5804, 5798, 5847, 5587, 5537, 5628, 5669, 5672, 5776, 5799, 5621, 5720, 5717, 5982, 5972, 5900, 5972, 5934, 5888, 5992, 5876, 5727, 5783, 5853, 5877, 5636, 5757, 5667, 5625, 5593, 5773, 5865, 5805, 5816, 5874, 5900, 5869, 5997, 5903, 5896, 5959, 5707, 5607, 5522, 5524, 5587, 5485, 5430, 5212, 5411, 5176, 4046, 
4202, 5115, 5317, 5616, 5558, 5599, 5729, 5713, 5679, 5943, 5999, 5981, 5826, 5845, 5868, 5876, 5864, 5909, 5860, 5948, 5844, 5803, 5786, 5919, 5991, 5907, 5916, 5703, 5602, 5862, 5797, 6029, 5855, 5774, 5765, 5875, 5989, 6119, 6139, 5968, 5835, 5802, 6007, 6048, 6099, 5935, 5931, 5914, 5975, 5996, 5896, 5671, 5722, 5689, 5687, 5764, 5713, 5871, 5766, 5678, 5882, 5840, 5829, 5884, 6129, 6129, 6063, 5994, 5990, 5797, 5897, 5806, 5917, 5894, 5921, 5740, 5781, 5819, 5763, 5922, 5870, 5762, 6017, 6024, 6093, 5900, 5990, 5930, 5872, 5847, 5822, 5730, 5693, 5578, 5532, 5555, 5473, 5609, 5267, 4357, 
4218, 5556, 5601, 5517, 5615, 5650, 5765, 5720, 5748, 5935, 5995, 5822, 5929, 6015, 6056, 6007, 5971, 6049, 5953, 5986, 5738, 5896, 5921, 5994, 5879, 5919, 6104, 5985, 5778, 5837, 5862, 6154, 6069, 5948, 5812, 5789, 5970, 5934, 5944, 6055, 6006, 6185, 6163, 6196, 6014, 5883, 5928, 5807, 5895, 5926, 5977, 5877, 5898, 5941, 5710, 5842, 5966, 5864, 5869, 5922, 6138, 5808, 5824, 5982, 6055, 6150, 5974, 6077, 6008, 5947, 5830, 5978, 5924, 5942, 6094, 5946, 5872, 6016, 5945, 5967, 5870, 5881, 6121, 6267, 6156, 6197, 5998, 6052, 6003, 6002, 5869, 5864, 5915, 5729, 5800, 5764, 5456, 5453, 5431, 4342, 
4320, 5507, 5467, 5667, 5838, 5913, 5845, 5924, 5916, 5985, 6069, 6051, 6028, 6153, 6006, 6107, 6094, 6004, 5940, 6127, 6042, 6082, 6078, 6058, 6166, 5994, 6009, 6044, 5988, 5951, 6101, 6203, 6171, 6095, 6186, 6223, 6197, 6037, 6067, 6222, 6121, 6064, 6176, 6315, 6310, 5997, 5842, 6085, 5948, 6083, 6099, 6145, 6100, 6000, 6106, 5812, 6098, 5915, 5907, 6132, 6133, 6117, 5972, 5966, 6024, 6115, 5957, 6042, 5962, 6174, 5939, 6021, 6118, 5912, 6108, 6014, 6053, 5989, 6014, 5987, 6019, 6097, 6126, 6106, 6157, 6138, 6194, 6088, 6079, 6001, 5969, 6128, 6203, 5774, 5700, 5751, 5718, 5637, 5470, 4323, 
4290, 5567, 5574, 5756, 5979, 5913, 5796, 6101, 5949, 6032, 6102, 6090, 6217, 6061, 6119, 6217, 6066, 6027, 6191, 6235, 6176, 6205, 6343, 6291, 6241, 6045, 6037, 6118, 6105, 6047, 6132, 6145, 6117, 5903, 6128, 6026, 6172, 6067, 6046, 6147, 6121, 6280, 6090, 6198, 6057, 5992, 6037, 5991, 6118, 6309, 6191, 6234, 6155, 5958, 5955, 5896, 6038, 6167, 6236, 6207, 6265, 6250, 6269, 6175, 6117, 6328, 6106, 6179, 6099, 6221, 6094, 6153, 6133, 6192, 6216, 5973, 6116, 6080, 6082, 6204, 6091, 6121, 6230, 6120, 6213, 6231, 6217, 6110, 6114, 6154, 6172, 6168, 6102, 5822, 5818, 5859, 5720, 5561, 5558, 4375, 
4463, 5586, 5622, 5764, 5710, 5779, 5921, 5989, 6267, 6133, 6093, 6188, 6234, 6032, 6062, 6016, 6178, 6080, 6145, 6212, 6382, 6382, 6325, 6391, 6283, 6259, 6214, 6250, 6267, 6156, 6236, 6161, 5970, 6116, 6107, 5897, 6347, 6054, 6163, 6062, 6031, 6142, 6264, 6167, 6289, 6218, 5968, 6028, 6090, 6338, 6275, 6243, 6272, 5971, 6151, 6043, 6104, 6311, 6247, 6058, 6386, 6280, 6336, 6321, 6263, 6261, 6318, 6043, 6025, 6373, 6146, 6070, 6139, 6457, 6335, 6120, 6070, 6088, 6098, 6202, 6248, 6089, 6187, 6246, 6315, 6270, 6210, 6205, 6331, 6390, 6349, 6054, 6276, 6056, 5803, 5788, 5697, 5571, 5538, 4283, 
4480, 5595, 5657, 5831, 5773, 5865, 6045, 6127, 6125, 6149, 6165, 6078, 6176, 6301, 6197, 6012, 6158, 6140, 6404, 6289, 6186, 6327, 6428, 6506, 6405, 6223, 6392, 6186, 6123, 6189, 6386, 6188, 6265, 6011, 6093, 6191, 6126, 6080, 6307, 6372, 6316, 6084, 6151, 6310, 6399, 6294, 6223, 6154, 6206, 6264, 6197, 6301, 6185, 6048, 6151, 6182, 6177, 6250, 6254, 6185, 6260, 6261, 6362, 6132, 6406, 6377, 6285, 6252, 6089, 6158, 6144, 6180, 6296, 6327, 6215, 6128, 6108, 5874, 6187, 6286, 6342, 6216, 6066, 6438, 6360, 6346, 6250, 6260, 6202, 6296, 6128, 6210, 6211, 6085, 5825, 5836, 5783, 5751, 5605, 4421, 
4400, 5607, 5772, 5834, 5866, 5980, 6041, 6096, 6066, 6142, 6123, 6275, 6255, 6341, 6357, 6256, 6232, 6242, 6231, 6426, 6242, 6272, 6404, 6225, 6361, 6373, 6475, 6306, 6327, 6160, 6257, 6374, 6203, 6186, 6129, 6092, 6304, 6230, 6267, 6366, 6201, 6205, 6135, 6386, 6419, 6278, 6271, 6328, 6357, 6238, 6208, 6371, 6260, 6267, 6231, 6229, 6290, 6512, 6337, 6221, 6396, 6246, 6162, 6401, 6527, 6382, 6382, 6303, 6164, 6237, 6047, 6274, 6201, 6340, 6121, 6249, 6306, 6407, 6134, 6199, 6083, 6273, 6302, 6295, 6383, 6292, 6275, 6222, 6189, 6350, 6141, 6245, 5998, 5973, 5846, 5877, 5777, 5688, 5813, 4407, 
4424, 5738, 5869, 5923, 6032, 6019, 6180, 6039, 6022, 6358, 6282, 6314, 6503, 6358, 6310, 6181, 6208, 6261, 6081, 6301, 6238, 6276, 6145, 6456, 6377, 6247, 6330, 6335, 6290, 6239, 6244, 6192, 6178, 6324, 6358, 6252, 6270, 6373, 6219, 6282, 6382, 6509, 6503, 6428, 6338, 6530, 6486, 6356, 6509, 6295, 6314, 6358, 6160, 6195, 6282, 6449, 6489, 6383, 6193, 6447, 6309, 6330, 6236, 6467, 6533, 6474, 6306, 6444, 6326, 6484, 6280, 6363, 6314, 6199, 6186, 6350, 6440, 6452, 6252, 6107, 6155, 6177, 6309, 6226, 6392, 6463, 6347, 6156, 6142, 6219, 6011, 6026, 6000, 5868, 5850, 5999, 5879, 5754, 5863, 4498, 
4283, 5811, 5932, 5980, 6033, 6039, 6110, 6074, 6088, 6219, 6231, 6360, 6290, 6367, 6348, 6217, 6267, 6381, 6288, 6187, 6312, 6472, 6280, 6487, 6351, 6396, 6386, 6334, 6242, 6253, 6241, 6280, 6251, 6206, 6354, 6228, 6291, 6217, 6190, 6141, 6314, 6309, 6391, 6477, 6279, 6448, 6393, 6152, 6273, 6429, 6191, 6233, 6239, 6431, 6326, 6306, 6437, 6364, 6375, 6570, 6312, 6296, 6415, 6467, 6447, 6507, 6471, 6507, 6383, 6332, 6276, 6461, 6293, 6285, 6254, 6224, 6374, 6428, 6358, 6285, 6270, 6337, 6290, 6452, 6470, 6095, 6362, 6335, 6280, 6420, 6249, 6002, 6101, 5946, 5953, 5985, 6032, 5754, 5853, 4579, 
4407, 5614, 5774, 5840, 5947, 5949, 6051, 5997, 6222, 6253, 6324, 6338, 6318, 6294, 6370, 6472, 6372, 6397, 6335, 6387, 6439, 6339, 6373, 6419, 6122, 6307, 6382, 6365, 6275, 6259, 6285, 6278, 6420, 6482, 6440, 6361, 6186, 6141, 6193, 6198, 6320, 6256, 6405, 6375, 6388, 6363, 6378, 6355, 6407, 6409, 6557, 6282, 6259, 6309, 6140, 6304, 6354, 6373, 6361, 6389, 6277, 6434, 6502, 6207, 6405, 6450, 6401, 6359, 6399, 6377, 6487, 6580, 6332, 6319, 6358, 6468, 6365, 6493, 6297, 6321, 6406, 6397, 6400, 6422, 6431, 6312, 6287, 6426, 6389, 6457, 6338, 6149, 6134, 6083, 5815, 5884, 6001, 5788, 5847, 4694, 
4320, 5565, 5824, 5732, 5801, 6107, 5960, 6124, 6227, 6200, 6291, 6281, 6260, 6428, 6347, 6281, 6353, 6469, 6406, 6228, 6449, 6373, 6546, 6155, 6056, 6186, 6409, 6199, 6220, 6175, 6372, 6330, 6404, 6313, 6393, 6367, 6107, 6344, 6358, 6266, 6233, 6273, 6361, 6380, 6403, 6356, 6424, 6367, 6620, 6370, 6525, 6422, 6361, 6277, 6252, 6463, 6318, 6411, 6397, 6315, 6275, 6245, 6430, 6320, 6468, 6586, 6497, 6337, 6445, 6420, 6356, 6325, 6118, 6403, 6555, 6449, 6431, 6525, 6177, 6416, 6399, 6425, 6389, 6402, 6295, 6316, 6522, 6351, 6296, 6374, 6149, 6197, 5962, 5827, 5874, 5945, 5859, 5869, 5645, 4563, 
4529, 5814, 5886, 5761, 5877, 5903, 6169, 6261, 6123, 6068, 6196, 6398, 6226, 6421, 6272, 6282, 6400, 6453, 6403, 6428, 6449, 6421, 6499, 6268, 6333, 6265, 6183, 6442, 6227, 6342, 6341, 6518, 6425, 6383, 6628, 6412, 6401, 6322, 6282, 6397, 6391, 6472, 6407, 6247, 6440, 6365, 6415, 6407, 6468, 6266, 6413, 6390, 6358, 6347, 6132, 6475, 6287, 6306, 6400, 6441, 6490, 6372, 6579, 6479, 6388, 6535, 6391, 6376, 6502, 6453, 6548, 6338, 6387, 6498, 6536, 6422, 6624, 6516, 6325, 6509, 6523, 6308, 6442, 6398, 6328, 6352, 6429, 6461, 6446, 6495, 6201, 6299, 6183, 6090, 5934, 5885, 5798, 5825, 5574, 4444, 
4582, 5885, 6033, 5952, 6163, 6091, 6178, 6297, 6141, 6275, 6255, 6154, 6179, 6148, 6291, 6206, 6366, 6433, 6327, 6391, 6408, 6492, 6555, 6366, 6374, 6217, 6344, 6376, 6272, 6324, 6478, 6469, 6201, 6381, 6368, 6413, 6488, 6422, 6319, 6164, 6373, 6190, 6352, 6429, 6441, 6446, 6459, 6393, 6498, 6274, 6481, 6469, 6330, 6360, 6203, 6314, 6385, 6507, 6545, 6437, 6362, 6333, 6508, 6323, 6355, 6157, 6233, 6447, 6300, 6414, 6462, 6241, 6426, 6349, 6687, 6693, 6749, 6636, 6465, 6390, 6574, 6508, 6424, 6440, 6374, 6571, 6491, 6506, 6335, 6499, 6435, 6354, 6153, 6284, 5886, 5992, 5873, 5755, 5625, 4423, 
4565, 5799, 6062, 6120, 6193, 6172, 6185, 6255, 6215, 6292, 6399, 6228, 6259, 6182, 6287, 6228, 6441, 6381, 6408, 6393, 6542, 6365, 6486, 6591, 6480, 6296, 6274, 6415, 6562, 6481, 6215, 6308, 6252, 6374, 6288, 6267, 6332, 6195, 6319, 6384, 6384, 6338, 6381, 6505, 6388, 6402, 6355, 6485, 6511, 6367, 6644, 6519, 6375, 6499, 6456, 6506, 6321, 6420, 6470, 6535, 6387, 6326, 6428, 6470, 6326, 6243, 6365, 6519, 6418, 6262, 6410, 6297, 6484, 6481, 6682, 6486, 6923, 6638, 6567, 6387, 6556, 6450, 6416, 6573, 6528, 6435, 6296, 6236, 6404, 6525, 6357, 6326, 6321, 6021, 6132, 5931, 5861, 5747, 5722, 4359, 
4440, 5670, 5969, 5933, 6020, 6126, 6095, 6134, 5993, 6304, 6204, 6286, 6262, 6295, 6403, 6382, 6415, 6454, 6524, 6484, 6431, 6523, 6753, 6467, 6472, 6288, 6325, 6373, 6558, 6425, 6446, 6408, 6423, 6249, 6425, 6293, 6213, 6093, 6211, 6200, 6443, 6274, 6420, 6471, 6498, 6432, 6418, 6497, 6366, 6374, 6655, 6626, 6543, 6371, 6509, 6397, 6334, 6488, 6403, 6486, 6361, 6442, 6524, 6600, 6422, 6464, 6323, 6215, 6383, 6323, 6267, 6429, 6447, 6582, 6512, 6627, 6691, 6686, 6573, 6582, 6649, 6544, 6339, 6570, 6394, 6227, 6413, 6126, 6444, 6583, 6423, 6309, 6341, 6199, 6173, 5888, 5728, 5749, 5706, 4602, 
4480, 5697, 5981, 6087, 6102, 6259, 6145, 6143, 6149, 6424, 6251, 6336, 6334, 6411, 6443, 6566, 6616, 6600, 6797, 6574, 6456, 6492, 6484, 6447, 6532, 6557, 6403, 6404, 6396, 6443, 6458, 6373, 6254, 6314, 6323, 6237, 6292, 6193, 6392, 6319, 6376, 6479, 6252, 6331, 6357, 6569, 6383, 6404, 6504, 6437, 6399, 6416, 6424, 6247, 6371, 6475, 6456, 6635, 6347, 6606, 6449, 6465, 6616, 6532, 6315, 6430, 6365, 6447, 6414, 6444, 6368, 6590, 6497, 6579, 6602, 6632, 6513, 6690, 6543, 6596, 6664, 6552, 6571, 6425, 6617, 6366, 6431, 6449, 6257, 6502, 6258, 6306, 6229, 6279, 6072, 6002, 5839, 5770, 5674, 4499, 
4419, 5794, 5998, 6059, 5978, 6014, 6079, 6099, 6233, 6101, 6300, 6195, 6238, 6343, 6408, 6413, 6423, 6510, 6696, 6486, 6482, 6409, 6619, 6620, 6506, 6584, 6348, 6546, 6279, 6323, 6351, 6491, 6307, 6433, 6369, 6371, 6339, 6445, 6487, 6408, 6404, 6479, 6327, 6610, 6305, 6366, 6633, 6531, 6440, 6408, 6265, 6304, 6401, 6221, 6421, 6485, 6561, 6606, 6563, 6316, 6401, 6550, 6548, 6380, 6346, 6389, 6424, 6408, 6539, 6545, 6504, 6475, 6423, 6447, 6557, 6611, 6584, 6672, 6673, 6650, 6674, 6579, 6580, 6528, 6487, 6427, 6387, 6468, 6387, 6541, 6336, 6244, 6127, 6065, 6046, 5955, 5789, 5857, 5671, 4528, 
4424, 5637, 5770, 6075, 6116, 6183, 6282, 6315, 6187, 6064, 6319, 6438, 6352, 6483, 6476, 6465, 6418, 6633, 6644, 6569, 6622, 6331, 6508, 6584, 6545, 6684, 6406, 6376, 6403, 6452, 6488, 6327, 6355, 6451, 6527, 6378, 6490, 6506, 6486, 6417, 6681, 6468, 6326, 6339, 6352, 6499, 6605, 6550, 6524, 6507, 6551, 6497, 6546, 6604, 6587, 6598, 6748, 6654, 6585, 6566, 6503, 6558, 6580, 6448, 6277, 6322, 6462, 6503, 6570, 6471, 6583, 6432, 6556, 6521, 6422, 6509, 6498, 6738, 6782, 6702, 6636, 6640, 6512, 6519, 6496, 6312, 6477, 6518, 6564, 6479, 6354, 6323, 6248, 6074, 6174, 6128, 5812, 5912, 5628, 4463, 
4659, 5816, 5853, 6059, 6050, 6238, 6246, 6320, 6351, 6335, 6434, 6480, 6278, 6437, 6421, 6437, 6431, 6386, 6532, 6445, 6513, 6603, 6516, 6774, 6774, 6685, 6403, 6474, 6593, 6445, 6508, 6441, 6384, 6589, 6441, 6400, 6473, 6421, 6495, 6623, 6413, 6346, 6339, 6466, 6416, 6527, 6499, 6670, 6515, 6503, 6393, 6553, 6553, 6560, 6565, 6458, 6651, 6554, 6517, 6544, 6695, 6390, 6319, 6446, 6344, 6372, 6579, 6463, 6475, 6456, 6524, 6427, 6490, 6443, 6519, 6475, 6556, 6704, 6749, 6797, 6691, 6746, 6685, 6620, 6587, 6402, 6493, 6680, 6567, 6588, 6336, 6245, 6344, 6107, 5991, 6116, 6075, 5852, 5854, 4523, 
4583, 5815, 6007, 6128, 6097, 6288, 6339, 6271, 6157, 6248, 6393, 6420, 6314, 6334, 6414, 6528, 6606, 6310, 6411, 6560, 6550, 6462, 6568, 6536, 6620, 6601, 6531, 6492, 6545, 6641, 6543, 6406, 6387, 6472, 6477, 6409, 6463, 6456, 6405, 6323, 6557, 6443, 6347, 6564, 6379, 6361, 6632, 6473, 6637, 6481, 6465, 6489, 6465, 6409, 6706, 6612, 6714, 6596, 6589, 6590, 6415, 6378, 6412, 6454, 6458, 6366, 6510, 6527, 6624, 6583, 6594, 6379, 6385, 6410, 6301, 6501, 6508, 6593, 6894, 6807, 6636, 6558, 6527, 6594, 6587, 6584, 6493, 6733, 6525, 6372, 6337, 6283, 6392, 6256, 6246, 6105, 6093, 6045, 5839, 4597, 
4636, 5702, 5976, 5959, 5965, 6263, 6373, 6412, 6285, 6095, 6334, 6448, 6332, 6315, 6409, 6443, 6405, 6534, 6480, 6376, 6478, 6576, 6544, 6614, 6531, 6417, 6254, 6456, 6458, 6355, 6555, 6533, 6424, 6460, 6450, 6482, 6499, 6459, 6325, 6299, 6405, 6366, 6448, 6581, 6648, 6407, 6463, 6474, 6402, 6483, 6421, 6458, 6521, 6577, 6453, 6667, 6614, 6679, 6475, 6507, 6424, 6649, 6530, 6431, 6489, 6557, 6374, 6439, 6514, 6570, 6510, 6493, 6586, 6564, 6373, 6495, 6520, 6601, 6570, 6661, 6524, 6556, 6824, 6578, 6669, 6445, 6393, 6594, 6407, 6408, 6437, 6328, 6359, 6438, 6331, 6092, 5958, 5772, 5675, 4541, 
4483, 5731, 5917, 5770, 5762, 6097, 6183, 6221, 6278, 6297, 6310, 6409, 6364, 6360, 6586, 6395, 6322, 6415, 6473, 6397, 6646, 6529, 6547, 6531, 6405, 6379, 6427, 6460, 6343, 6439, 6574, 6437, 6308, 6433, 6330, 6434, 6609, 6530, 6352, 6276, 6318, 6359, 6269, 6578, 6545, 6385, 6586, 6671, 6397, 6646, 6515, 6543, 6502, 6474, 6576, 6602, 6501, 6570, 6539, 6391, 6359, 6666, 6291, 6402, 6480, 6433, 6579, 6484, 6390, 6459, 6503, 6484, 6453, 6529, 6383, 6395, 6453, 6673, 6692, 6698, 6539, 6563, 6666, 6558, 6339, 6575, 6308, 6393, 6332, 6621, 6312, 6306, 6350, 6221, 6126, 6046, 6073, 5938, 5810, 4597, 
4419, 5746, 5744, 5954, 5873, 6086, 6107, 6227, 6338, 6280, 6233, 6528, 6329, 6368, 6492, 6492, 6402, 6508, 6640, 6585, 6590, 6587, 6604, 6402, 6556, 6368, 6297, 6312, 6345, 6227, 6184, 6259, 6308, 6229, 6276, 6372, 6501, 6273, 6391, 6304, 6324, 6377, 6359, 6266, 6394, 6433, 6586, 6557, 6543, 6666, 6533, 6367, 6509, 6590, 6516, 6545, 6520, 6541, 6398, 6415, 6495, 6572, 6239, 6366, 6385, 6457, 6457, 6426, 6471, 6501, 6526, 6527, 6573, 6474, 6509, 6481, 6593, 6353, 6506, 6671, 6574, 6633, 6659, 6533, 6374, 6501, 6621, 6550, 6489, 6413, 6450, 6375, 6350, 6291, 6130, 6013, 5845, 5840, 5746, 4385, 
4361, 5808, 5777, 6069, 5847, 6000, 6306, 6077, 6295, 6329, 6524, 6193, 6425, 6695, 6647, 6583, 6476, 6521, 6448, 6518, 6552, 6629, 6512, 6315, 6281, 6409, 6300, 6398, 6357, 6127, 6402, 6404, 6316, 6286, 6387, 6460, 6345, 6407, 6309, 6491, 6429, 6409, 6322, 6379, 6359, 6523, 6642, 6786, 6556, 6529, 6522, 6416, 6537, 6439, 6487, 6529, 6483, 6496, 6436, 6401, 6531, 6655, 6416, 6280, 6395, 6556, 6528, 6445, 6363, 6449, 6527, 6471, 6447, 6482, 6489, 6367, 6601, 6516, 6615, 6537, 6638, 6628, 6605, 6515, 6577, 6611, 6687, 6512, 6682, 6291, 6504, 6402, 6235, 6126, 5899, 6012, 6027, 5795, 5647, 4320, 
4526, 5822, 5887, 5965, 6024, 6178, 6127, 6179, 6284, 6340, 6335, 6412, 6490, 6445, 6517, 6553, 6538, 6297, 6479, 6638, 6548, 6324, 6604, 6493, 6396, 6451, 6431, 6364, 6325, 6319, 6434, 6184, 6268, 6285, 6487, 6517, 6305, 6527, 6466, 6423, 6527, 6672, 6356, 6350, 6620, 6598, 6623, 6594, 6571, 6506, 6561, 6431, 6564, 6419, 6503, 6577, 6376, 6558, 6433, 6416, 6558, 6388, 6446, 6370, 6343, 6505, 6486, 6382, 6401, 6525, 6491, 6357, 6459, 6563, 6526, 6497, 6611, 6585, 6529, 6593, 6618, 6581, 6693, 6678, 6547, 6463, 6649, 6479, 6485, 6555, 6376, 6318, 6163, 5909, 5995, 5833, 5871, 5857, 5544, 4345, 
4488, 5714, 5937, 6014, 6207, 6243, 6200, 6265, 6117, 6199, 6159, 6342, 6415, 6310, 6458, 6550, 6520, 6345, 6419, 6411, 6562, 6524, 6579, 6548, 6470, 6403, 6497, 6458, 6391, 6483, 6455, 6381, 6278, 6347, 6504, 6330, 6324, 6344, 6279, 6355, 6455, 6521, 6367, 6477, 6462, 6541, 6641, 6588, 6455, 6675, 6739, 6462, 6419, 6303, 6363, 6298, 6478, 6425, 6409, 6419, 6519, 6343, 6489, 6384, 6327, 6376, 6384, 6447, 6447, 6389, 6223, 6395, 6207, 6320, 6519, 6447, 6562, 6424, 6481, 6604, 6494, 6682, 6729, 6402, 6544, 6495, 6484, 6378, 6413, 6453, 6284, 6398, 6304, 6025, 6113, 5883, 5894, 5975, 5850, 4502, 
4655, 5754, 5941, 6097, 6045, 6106, 5946, 6154, 6137, 6271, 6295, 6335, 6285, 6351, 6613, 6527, 6441, 6344, 6510, 6532, 6701, 6472, 6493, 6587, 6545, 6493, 6494, 6471, 6410, 6435, 6454, 6437, 6325, 6506, 6514, 6400, 6545, 6523, 6408, 6344, 6597, 6321, 6405, 6488, 6256, 6534, 6650, 6550, 6451, 6564, 6560, 6474, 6363, 6190, 6144, 6288, 6391, 6400, 6334, 6525, 6383, 6296, 6568, 6488, 6376, 6400, 6306, 6449, 6469, 6206, 6394, 6481, 6305, 6596, 6435, 6532, 6678, 6465, 6496, 6651, 6527, 6529, 6558, 6357, 6470, 6526, 6619, 6405, 6453, 6467, 6393, 6486, 6286, 6192, 6061, 5729, 5695, 5790, 5575, 4422, 
4476, 5589, 5925, 6017, 6136, 6123, 6087, 6138, 6250, 6125, 6215, 6285, 6223, 6308, 6540, 6518, 6319, 6365, 6615, 6532, 6665, 6665, 6579, 6492, 6541, 6474, 6319, 6381, 6493, 6420, 6437, 6379, 6405, 6228, 6378, 6357, 6210, 6464, 6448, 6499, 6412, 6386, 6356, 6356, 6308, 6312, 6522, 6596, 6493, 6600, 6520, 6460, 6413, 6554, 6490, 6485, 6537, 6512, 6587, 6603, 6388, 6337, 6444, 6424, 6542, 6502, 6326, 6397, 6398, 6128, 6260, 6491, 6450, 6477, 6422, 6550, 6606, 6524, 6462, 6406, 6579, 6439, 6507, 6433, 6475, 6508, 6528, 6451, 6533, 6628, 6367, 6496, 6270, 6140, 6204, 5932, 5754, 5783, 5821, 4483, 
4506, 5711, 5762, 5757, 6070, 6103, 6113, 6090, 6345, 6443, 6310, 6187, 6298, 6441, 6419, 6527, 6561, 6364, 6473, 6490, 6681, 6668, 6529, 6453, 6510, 6436, 6317, 6415, 6398, 6456, 6483, 6411, 6422, 6433, 6212, 6574, 6521, 6312, 6453, 6335, 6482, 6393, 6514, 6455, 6313, 6454, 6637, 6540, 6395, 6530, 6397, 6418, 6417, 6395, 6398, 6292, 6568, 6551, 6421, 6366, 6327, 6513, 6534, 6455, 6502, 6383, 6351, 6409, 6426, 6267, 6441, 6579, 6492, 6485, 6550, 6473, 6618, 6645, 6628, 6509, 6484, 6526, 6546, 6476, 6440, 6311, 6463, 6479, 6390, 6551, 6352, 6424, 6303, 6210, 6040, 5995, 5907, 5824, 5806, 4516, 
4518, 5704, 5955, 5989, 5917, 6022, 6161, 6239, 6285, 6350, 6279, 6247, 6360, 6377, 6410, 6426, 6408, 6354, 6375, 6549, 6592, 6316, 6427, 6381, 6519, 6451, 6554, 6436, 6461, 6545, 6465, 6323, 6342, 6527, 6603, 6475, 6555, 6400, 6354, 6414, 6349, 6419, 6427, 6314, 6419, 6402, 6490, 6369, 6436, 6536, 6414, 6352, 6408, 6538, 6541, 6341, 6465, 6341, 6441, 6343, 6460, 6551, 6540, 6387, 6430, 6461, 6514, 6367, 6345, 6352, 6405, 6361, 6486, 6467, 6479, 6524, 6694, 6709, 6786, 6514, 6571, 6489, 6365, 6343, 6489, 6578, 6534, 6461, 6493, 6423, 6261, 6247, 6162, 6132, 6138, 5841, 5844, 5896, 5739, 4569, 
4499, 5838, 5947, 6237, 6167, 6141, 6194, 6136, 6237, 6394, 6477, 6362, 6435, 6454, 6255, 6493, 6487, 6304, 6231, 6490, 6430, 6411, 6446, 6515, 6487, 6480, 6520, 6540, 6629, 6576, 6526, 6503, 6492, 6465, 6633, 6471, 6439, 6453, 6397, 6482, 6469, 6448, 6379, 6468, 6471, 6616, 6671, 6618, 6431, 6490, 6412, 6423, 6285, 6474, 6378, 6520, 6400, 6317, 6316, 6527, 6428, 6257, 6424, 6533, 6384, 6367, 6444, 6400, 6410, 6191, 6407, 6486, 6555, 6520, 6518, 6437, 6406, 6613, 6409, 6397, 6614, 6490, 6429, 6693, 6456, 6559, 6399, 6425, 6541, 6359, 6303, 6434, 6228, 6172, 6044, 6000, 5944, 5894, 5634, 4504, 
4547, 5666, 5839, 6050, 6255, 6201, 6197, 6178, 6315, 6273, 6351, 6446, 6373, 6426, 6633, 6579, 6474, 6355, 6419, 6331, 6488, 6489, 6444, 6448, 6570, 6593, 6505, 6478, 6682, 6666, 6489, 6596, 6555, 6647, 6539, 6425, 6516, 6491, 6418, 6473, 6372, 6315, 6369, 6592, 6553, 6468, 6580, 6628, 6462, 6519, 6366, 6342, 6554, 6681, 6437, 6462, 6526, 6364, 6453, 6436, 6455, 6435, 6448, 6470, 6477, 6646, 6410, 6405, 6495, 6331, 6356, 6490, 6563, 6435, 6381, 6383, 6532, 6563, 6568, 6448, 6471, 6491, 6434, 6427, 6452, 6487, 6498, 6543, 6382, 6410, 6313, 6333, 6229, 6215, 6202, 5856, 5983, 5916, 5830, 4424, 
4537, 5704, 5998, 6072, 6182, 6198, 6075, 6220, 6367, 6509, 6274, 6433, 6436, 6561, 6487, 6359, 6327, 6351, 6451, 6369, 6420, 6399, 6481, 6495, 6470, 6668, 6511, 6613, 6602, 6621, 6582, 6660, 6472, 6570, 6556, 6502, 6524, 6607, 6455, 6470, 6486, 6520, 6452, 6520, 6523, 6704, 6551, 6466, 6462, 6354, 6467, 6614, 6563, 6444, 6480, 6439, 6397, 6303, 6434, 6459, 6448, 6513, 6471, 6343, 6350, 6573, 6459, 6456, 6580, 6480, 6452, 6639, 6565, 6699, 6592, 6533, 6530, 6490, 6758, 6512, 6354, 6348, 6325, 6505, 6465, 6381, 6381, 6281, 6428, 6307, 6478, 6423, 6504, 6162, 6149, 5986, 5981, 5732, 5676, 4524, 
4457, 5914, 6108, 6152, 6165, 6111, 6313, 6248, 6344, 6435, 6401, 6436, 6429, 6384, 6404, 6550, 6464, 6547, 6537, 6507, 6549, 6571, 6646, 6580, 6521, 6663, 6529, 6651, 6504, 6588, 6584, 6518, 6528, 6473, 6413, 6540, 6634, 6620, 6520, 6569, 6446, 6424, 6448, 6661, 6638, 6522, 6431, 6440, 6461, 6459, 6428, 6512, 6497, 6563, 6587, 6492, 6524, 6507, 6534, 6335, 6369, 6474, 6375, 6427, 6524, 6494, 6321, 6423, 6386, 6467, 6346, 6399, 6494, 6617, 6608, 6645, 6477, 6424, 6527, 6493, 6494, 6457, 6305, 6338, 6399, 6282, 6449, 6372, 6384, 6435, 6379, 6315, 6386, 6369, 6017, 5889, 5803, 5792, 5774, 4603, 
4568, 5909, 5883, 6046, 6116, 6333, 6289, 6359, 6434, 6509, 6487, 6481, 6527, 6656, 6662, 6682, 6596, 6624, 6503, 6581, 6468, 6526, 6620, 6655, 6297, 6438, 6476, 6446, 6378, 6592, 6508, 6496, 6554, 6459, 6624, 6586, 6510, 6589, 6455, 6346, 6501, 6628, 6505, 6576, 6682, 6513, 6353, 6588, 6420, 6636, 6469, 6455, 6350, 6369, 6393, 6471, 6464, 6538, 6529, 6523, 6545, 6571, 6424, 6476, 6434, 6504, 6311, 6368, 6408, 6418, 6457, 6294, 6506, 6579, 6521, 6419, 6595, 6459, 6405, 6484, 6473, 6257, 6223, 6475, 6323, 6366, 6559, 6476, 6375, 6505, 6344, 6328, 6242, 6385, 6069, 6101, 5960, 5865, 5670, 4416, 
4702, 5859, 5997, 6085, 6088, 6173, 6371, 6324, 6394, 6433, 6487, 6410, 6532, 6560, 6670, 6672, 6554, 6419, 6411, 6436, 6452, 6516, 6355, 6469, 6341, 6457, 6352, 6581, 6537, 6510, 6489, 6530, 6688, 6568, 6484, 6464, 6505, 6505, 6537, 6507, 6344, 6676, 6522, 6580, 6408, 6709, 6440, 6398, 6515, 6530, 6509, 6510, 6447, 6437, 6496, 6443, 6457, 6587, 6576, 6561, 6476, 6508, 6557, 6555, 6430, 6310, 6439, 6451, 6444, 6483, 6456, 6408, 6404, 6629, 6595, 6436, 6429, 6548, 6440, 6384, 6281, 6374, 6489, 6384, 6456, 6340, 6729, 6607, 6427, 6232, 6261, 6136, 6270, 6110, 6147, 5994, 6088, 5967, 5814, 4413, 
4489, 5733, 5824, 6126, 6161, 6372, 6161, 6344, 6204, 6414, 6457, 6522, 6504, 6428, 6542, 6601, 6572, 6611, 6452, 6417, 6475, 6469, 6508, 6484, 6400, 6527, 6473, 6665, 6324, 6444, 6337, 6412, 6547, 6388, 6366, 6347, 6427, 6505, 6683, 6542, 6448, 6436, 6455, 6470, 6492, 6549, 6568, 6412, 6505, 6504, 6669, 6474, 6404, 6423, 6578, 6520, 6447, 6543, 6330, 6407, 6549, 6396, 6537, 6573, 6498, 6325, 6436, 6438, 6457, 6473, 6571, 6420, 6316, 6553, 6487, 6343, 6508, 6410, 6433, 6268, 6450, 6553, 6404, 6489, 6561, 6430, 6599, 6622, 6653, 6445, 6481, 6292, 6247, 6146, 6178, 5986, 5975, 5878, 5689, 4473, 
4518, 5791, 5987, 6000, 6024, 6318, 6310, 6152, 6233, 6327, 6384, 6416, 6392, 6426, 6392, 6270, 6426, 6524, 6550, 6204, 6393, 6434, 6423, 6529, 6612, 6514, 6576, 6525, 6321, 6531, 6250, 6449, 6339, 6523, 6361, 6354, 6251, 6428, 6470, 6278, 6364, 6317, 6380, 6411, 6528, 6467, 6486, 6343, 6614, 6628, 6778, 6570, 6512, 6448, 6449, 6483, 6464, 6441, 6417, 6500, 6431, 6462, 6438, 6506, 6461, 6601, 6590, 6445, 6354, 6385, 6447, 6474, 6429, 6340, 6224, 6328, 6597, 6473, 6507, 6390, 6443, 6447, 6562, 6489, 6487, 6437, 6548, 6549, 6588, 6361, 6227, 6312, 6417, 6217, 6180, 6010, 5952, 5880, 5705, 4394, 
4675, 5655, 5850, 6013, 6231, 6301, 6298, 6528, 6423, 6402, 6388, 6473, 6428, 6442, 6376, 6448, 6480, 6576, 6383, 6331, 6432, 6456, 6542, 6576, 6533, 6403, 6628, 6544, 6413, 6427, 6317, 6331, 6465, 6436, 6416, 6359, 6368, 6457, 6511, 6334, 6269, 6565, 6375, 6367, 6378, 6511, 6422, 6538, 6658, 6688, 6629, 6472, 6540, 6353, 6400, 6389, 6550, 6423, 6552, 6294, 6258, 6389, 6397, 6425, 6484, 6464, 6623, 6581, 6373, 6438, 6471, 6515, 6619, 6604, 6377, 6436, 6484, 6350, 6402, 6460, 6366, 6492, 6571, 6686, 6520, 6623, 6601, 6451, 6344, 6228, 6306, 6236, 6432, 6339, 6191, 6105, 6029, 5965, 5796, 4396, 
4523, 5763, 5998, 6119, 5974, 6086, 6224, 6268, 6294, 6348, 6483, 6581, 6374, 6349, 6314, 6326, 6439, 6467, 6506, 6409, 6610, 6434, 6666, 6664, 6360, 6593, 6720, 6638, 6470, 6527, 6425, 6345, 6391, 6430, 6408, 6421, 6245, 6428, 6452, 6446, 6492, 6388, 6374, 6477, 6431, 6458, 6540, 6425, 6345, 6363, 6522, 6400, 6435, 6606, 6549, 6397, 6331, 6567, 6536, 6394, 6306, 6469, 6521, 6401, 6411, 6495, 6446, 6348, 6372, 6328, 6477, 6591, 6612, 6508, 6382, 6482, 6315, 6446, 6411, 6318, 6123, 6355, 6471, 6498, 6336, 6388, 6394, 6549, 6593, 6308, 6356, 6343, 6329, 6251, 6140, 6033, 6057, 5916, 5792, 4441, 
4486, 5705, 5976, 6022, 6004, 6235, 6231, 6210, 6204, 6332, 6353, 6434, 6385, 6306, 6296, 6259, 6469, 6541, 6522, 6487, 6599, 6640, 6699, 6480, 6415, 6488, 6575, 6354, 6509, 6399, 6384, 6320, 6264, 6429, 6585, 6292, 6484, 6541, 6448, 6420, 6494, 6481, 6255, 6535, 6369, 6482, 6503, 6440, 6242, 6366, 6544, 6536, 6572, 6588, 6503, 6382, 6398, 6361, 6372, 6484, 6228, 6496, 6410, 6524, 6377, 6505, 6496, 6297, 6403, 6423, 6317, 6561, 6484, 6596, 6445, 6563, 6555, 6406, 6370, 6359, 6268, 6344, 6384, 6338, 6201, 6476, 6620, 6660, 6502, 6431, 6431, 6609, 6389, 6424, 6222, 5930, 5781, 5757, 5718, 4461, 
4548, 5770, 5930, 5956, 6116, 6071, 6155, 6359, 6200, 6201, 6298, 6291, 6283, 6354, 6534, 6318, 6314, 6384, 6412, 6488, 6514, 6563, 6600, 6573, 6599, 6474, 6241, 6183, 6372, 6312, 6483, 6440, 6312, 6454, 6468, 6441, 6416, 6476, 6600, 6266, 6457, 6504, 6502, 6511, 6588, 6255, 6340, 6387, 6606, 6454, 6439, 6535, 6591, 6482, 6419, 6569, 6338, 6426, 6551, 6352, 6387, 6558, 6481, 6615, 6365, 6417, 6422, 6326, 6385, 6455, 6319, 6374, 6415, 6589, 6528, 6460, 6355, 6671, 6431, 6463, 6238, 6406, 6538, 6481, 6311, 6664, 6516, 6337, 6579, 6429, 6366, 6619, 6472, 6462, 6227, 6037, 5969, 5751, 5635, 4489, 
4548, 5674, 5971, 6086, 5963, 6071, 6245, 6253, 6303, 6225, 6501, 6323, 6430, 6331, 6504, 6695, 6486, 6382, 6476, 6377, 6574, 6609, 6588, 6452, 6462, 6412, 6496, 6373, 6402, 6491, 6153, 6263, 6350, 6399, 6479, 6448, 6312, 6204, 6390, 6401, 6518, 6612, 6333, 6390, 6456, 6421, 6397, 6326, 6581, 0, 0, 0, 6453, 6644, 6430, 6618, 6537, 6384, 6580, 6494, 6453, 6601, 6516, 6600, 6341, 6469, 6262, 6224, 6159, 6356, 6451, 6286, 6359, 6592, 6829, 6549, 6459, 6474, 6449, 6303, 6394, 6390, 6527, 6612, 6425, 6530, 6382, 6445, 6494, 6466, 6511, 6523, 6427, 6416, 6335, 6174, 5828, 5997, 5829, 4551, 
4426, 5685, 5924, 6162, 5959, 6195, 6207, 6252, 6191, 6282, 6309, 6303, 6444, 6611, 6335, 6433, 6425, 6527, 6353, 6342, 6662, 6554, 6456, 6260, 6356, 6557, 6462, 6388, 6380, 6387, 6372, 6414, 6561, 6530, 6336, 6396, 6346, 6269, 6308, 6334, 6300, 6415, 6585, 6328, 6510, 6410, 6367, 6612, 6498, 0, 0, 0, 6441, 6501, 6485, 6569, 6575, 6463, 6651, 6692, 6492, 6553, 6573, 6474, 6377, 6410, 6351, 6222, 6303, 6464, 6436, 6280, 6312, 6440, 6418, 6424, 6343, 6585, 6421, 6326, 6279, 6360, 6324, 6521, 6345, 6498, 6441, 6464, 6418, 6344, 6495, 6263, 6587, 6356, 6254, 6167, 6031, 5872, 5915, 4465, 
4524, 5759, 5854, 6056, 6176, 6372, 6276, 6240, 6294, 6358, 6523, 6296, 6211, 6386, 6319, 6310, 6291, 6394, 6608, 6413, 6591, 6622, 6454, 6397, 6485, 6599, 6384, 6294, 6422, 6231, 6264, 6358, 6433, 6416, 6581, 6461, 6293, 6308, 6292, 6293, 6330, 6499, 6551, 6371, 6356, 6476, 6534, 6480, 6488, 0, 0, 0, 6563, 6441, 6548, 6367, 6461, 6482, 6539, 6536, 6599, 6467, 6314, 6350, 6383, 6688, 6495, 6434, 6243, 6321, 6448, 6369, 6445, 6510, 6453, 6399, 6328, 6504, 6378, 6583, 6502, 6509, 6476, 6396, 6391, 6571, 6491, 6442, 6393, 6259, 6512, 6331, 6394, 6250, 6176, 6067, 5963, 5975, 5846, 4557, 
4608, 5655, 5948, 6021, 6161, 6339, 6344, 6291, 6516, 6308, 6189, 6134, 6216, 6208, 6337, 6587, 6461, 6522, 6345, 6292, 6362, 6388, 6390, 6359, 6522, 6564, 6573, 6340, 6385, 6423, 6417, 6401, 6441, 6463, 6587, 6348, 6380, 6361, 6392, 6287, 6527, 6392, 6534, 6409, 6545, 6538, 6563, 6493, 6334, 6394, 6584, 6425, 6498, 6325, 6461, 6407, 6454, 6372, 6307, 6399, 6654, 6521, 6349, 6360, 6279, 6327, 6438, 6315, 6267, 6508, 6432, 6270, 6509, 6515, 6475, 6291, 6361, 6523, 6476, 6660, 6651, 6494, 6584, 6473, 6544, 6470, 6447, 6366, 6351, 6461, 6369, 6519, 6375, 6297, 6387, 6139, 6103, 6058, 5728, 4644, 
4312, 5716, 5881, 5958, 6091, 6121, 6242, 6329, 6413, 6296, 6308, 6304, 6205, 6259, 6239, 6371, 6629, 6510, 6392, 6371, 6559, 6387, 6474, 6367, 6461, 6441, 6481, 6431, 6393, 6423, 6224, 6453, 6346, 6541, 6425, 6264, 6348, 6413, 6519, 6504, 6379, 6483, 6675, 6552, 6525, 6425, 6553, 6471, 6519, 6378, 6399, 6609, 6508, 6672, 6464, 6519, 6373, 6440, 6502, 6542, 6498, 6479, 6389, 6562, 6326, 6580, 6399, 6369, 6384, 6334, 6337, 6343, 6372, 6453, 6428, 6396, 6439, 6514, 6603, 6676, 6638, 6318, 6429, 6413, 6604, 6531, 6470, 6439, 6396, 6550, 6279, 6326, 6214, 6349, 6149, 6272, 6088, 5933, 5724, 4542, 
4390, 5611, 5787, 5951, 6196, 6009, 6068, 6247, 6400, 6258, 6252, 6267, 6347, 6411, 6406, 6426, 6570, 6419, 6369, 6431, 6437, 6520, 6499, 6476, 6560, 6457, 6268, 6527, 6626, 6470, 6517, 6309, 6283, 6439, 6504, 6364, 6390, 6508, 6493, 6519, 6503, 6460, 6628, 6545, 6385, 6490, 6428, 6321, 6405, 6354, 6452, 6466, 6412, 6358, 6362, 6366, 6515, 6468, 6449, 6446, 6423, 6502, 6362, 6423, 6439, 6512, 6557, 6498, 6480, 6495, 6557, 6511, 6530, 6483, 6259, 6124, 6548, 6513, 6612, 6537, 6544, 6389, 6444, 6408, 6445, 6501, 6420, 6439, 6402, 6512, 6303, 6244, 6320, 6189, 6081, 6015, 6020, 5932, 5762, 4564, 
4481, 5574, 5628, 6033, 6066, 5908, 6123, 6082, 6387, 6343, 6202, 6324, 6464, 6240, 6623, 6512, 6357, 6395, 6453, 6577, 6474, 6443, 6325, 6416, 6448, 6405, 6547, 6421, 6392, 6459, 6467, 6615, 6574, 6346, 6449, 6372, 6380, 6429, 6342, 6518, 6271, 6407, 6544, 6542, 6405, 6424, 6364, 6287, 6408, 6498, 6441, 6590, 6400, 6516, 6443, 6531, 6301, 6311, 6323, 6485, 6526, 6598, 6542, 6522, 6471, 6396, 6651, 6665, 6428, 6493, 6496, 6575, 6565, 6558, 6364, 6469, 6580, 6525, 6586, 6238, 6452, 6392, 6498, 6323, 6501, 6350, 6503, 6413, 6366, 6391, 6483, 6361, 6266, 6193, 6147, 6293, 6131, 5959, 5804, 4669, 
4472, 5702, 5743, 5887, 6104, 6030, 6125, 6172, 6031, 6436, 6278, 6332, 6312, 6409, 6385, 6458, 6519, 6397, 6522, 6531, 6487, 6464, 6407, 6398, 6615, 6484, 6423, 6515, 6464, 6548, 6562, 6533, 6538, 6281, 6621, 6393, 6445, 6357, 6439, 6505, 6416, 6545, 6487, 6469, 6249, 6331, 6478, 6432, 6322, 6296, 6300, 6445, 6511, 6261, 6369, 6337, 6322, 6493, 6339, 6594, 6631, 6510, 6581, 6456, 6534, 6525, 6455, 6457, 6413, 6497, 6485, 6515, 6449, 6588, 6509, 6391, 6547, 6580, 6445, 6440, 6434, 6456, 6544, 6461, 6485, 6444, 6441, 6398, 6391, 6510, 6528, 6326, 6432, 6153, 6159, 5985, 6074, 5957, 5888, 4557, 
4578, 5676, 5762, 5943, 6012, 6162, 6133, 6211, 6283, 6396, 6243, 6312, 6408, 6462, 6439, 6459, 6381, 6392, 6521, 6509, 6450, 6449, 6448, 6515, 6437, 6498, 6527, 6522, 6295, 6401, 6374, 6407, 6504, 6574, 6478, 6492, 6542, 6448, 6545, 6477, 6581, 6347, 6416, 6366, 6406, 6383, 6641, 6601, 6376, 6479, 6457, 6354, 6247, 6354, 6371, 6532, 6584, 6464, 6481, 6560, 6806, 6593, 6528, 6663, 6435, 6507, 6483, 6523, 6679, 6586, 6460, 6467, 6631, 6472, 6587, 6533, 6622, 6686, 6438, 6482, 6385, 6519, 6402, 6441, 6476, 6534, 6457, 6565, 6729, 6493, 6440, 6483, 6352, 6200, 6265, 6141, 6012, 5987, 5879, 4672, 
4598, 5872, 5919, 6056, 6113, 6122, 6246, 6206, 6417, 6305, 6241, 6119, 6373, 6447, 6428, 6791, 6510, 6623, 6416, 6494, 6418, 6480, 6520, 6461, 6507, 6497, 6488, 6548, 6480, 6662, 6588, 6444, 6680, 6694, 6345, 6684, 6581, 6608, 6440, 6493, 6508, 6416, 6454, 6497, 6533, 6580, 6406, 6416, 6457, 6272, 6309, 6536, 6302, 6322, 6450, 6369, 6404, 6347, 6564, 6569, 6613, 6555, 6705, 6551, 6574, 6480, 6624, 6606, 6418, 6535, 6577, 6490, 6631, 6408, 6543, 6709, 6556, 6551, 6508, 6454, 6476, 6583, 6571, 6646, 6499, 6496, 6529, 6655, 6587, 6629, 6511, 6255, 6202, 6097, 6061, 6209, 6099, 6041, 6031, 4733, 
4700, 5965, 5951, 6040, 5980, 6119, 6295, 6254, 6317, 6259, 6108, 6357, 6290, 6231, 6592, 6452, 6578, 6547, 6543, 6379, 6371, 6516, 6312, 6359, 6640, 6477, 6398, 6517, 6523, 6717, 6570, 6483, 6442, 6515, 6397, 6420, 6506, 6561, 6565, 6515, 6511, 6546, 6583, 6446, 6545, 6757, 6547, 6612, 6441, 6441, 6481, 6560, 6426, 6477, 6589, 6343, 6406, 6362, 6485, 6436, 6321, 6533, 6614, 6632, 6444, 6505, 6596, 6470, 6448, 6460, 6657, 6439, 6630, 6486, 6458, 6545, 6342, 6548, 6479, 6604, 6608, 6389, 6347, 6513, 6509, 6617, 6495, 6569, 6425, 6501, 6459, 6180, 6294, 6185, 6169, 6160, 6040, 5886, 5946, 4616, 
4704, 5790, 5946, 6271, 6077, 6086, 6221, 6085, 6300, 6213, 6387, 6321, 6391, 6534, 6456, 6436, 6523, 6436, 6289, 6390, 6501, 6483, 6196, 6376, 6365, 6496, 6417, 6541, 6775, 6645, 6801, 6624, 6499, 6527, 6526, 6574, 6663, 6632, 6493, 6449, 6424, 6439, 6734, 6491, 6510, 6628, 6336, 6357, 6472, 6379, 6445, 6673, 6435, 6511, 6467, 6482, 6300, 6087, 6201, 6460, 6599, 6435, 6586, 6646, 6652, 6496, 6598, 6676, 6577, 6534, 6433, 6488, 6415, 6512, 6310, 6548, 6498, 6376, 6563, 6466, 6517, 6436, 6206, 6446, 6483, 6543, 6577, 6464, 6392, 6445, 6254, 6256, 6376, 6334, 6147, 6319, 6175, 5908, 5846, 4565, 
4582, 5867, 5898, 6094, 6248, 6007, 6305, 6124, 6140, 6327, 6309, 6377, 6338, 6393, 6583, 6680, 6596, 6566, 6329, 6508, 6370, 6298, 6429, 6586, 6441, 6699, 6515, 6658, 6611, 6753, 6724, 6819, 6807, 6752, 6841, 6614, 6622, 6679, 6487, 6540, 6371, 6465, 6512, 6352, 6315, 6502, 6363, 6400, 6208, 6362, 6509, 6670, 6665, 6461, 6418, 6331, 6399, 6532, 6514, 6325, 6496, 6569, 6488, 6429, 6592, 6553, 6421, 6544, 6559, 6505, 6676, 6607, 6542, 6638, 6327, 6400, 6411, 6576, 6453, 6304, 6441, 6425, 6315, 6378, 6481, 6346, 6424, 6334, 6391, 6577, 6308, 6288, 6264, 6300, 6166, 6075, 6128, 5990, 5955, 4605, 
4410, 5734, 5627, 5932, 6280, 6262, 6417, 6388, 6265, 6295, 6459, 6433, 6414, 6478, 6519, 6452, 6529, 6449, 6442, 6568, 6438, 6395, 6414, 6755, 6660, 6724, 6661, 6758, 6503, 6588, 6793, 6836, 6718, 6641, 6832, 6508, 6568, 6669, 6585, 6453, 6562, 6411, 6467, 6291, 6194, 6272, 6362, 6463, 6479, 6461, 6668, 6825, 6530, 6469, 6606, 6450, 6545, 6492, 6495, 6354, 6478, 6487, 6508, 6603, 6603, 6664, 6506, 6663, 6656, 6456, 6413, 6515, 6500, 6487, 6399, 6353, 6440, 6511, 6490, 6439, 6519, 6308, 6466, 6415, 6334, 6355, 6457, 6325, 6393, 6454, 6405, 6297, 6233, 6224, 6282, 6107, 6284, 5868, 5918, 4555, 
4465, 5688, 5757, 5861, 6158, 6289, 6384, 6264, 6332, 6549, 6567, 6560, 6343, 6429, 6659, 6475, 6627, 6742, 6425, 6521, 6393, 6369, 6366, 6643, 6544, 6758, 6592, 6735, 6624, 6740, 6685, 6565, 6548, 6498, 6646, 6642, 6525, 6432, 6337, 6580, 6522, 6255, 6432, 6230, 6384, 6479, 6543, 6447, 6328, 6629, 6459, 6499, 6545, 6293, 6460, 6607, 6560, 6465, 6512, 6445, 6544, 6430, 6613, 6671, 6467, 6567, 6447, 6528, 6466, 6430, 6424, 6366, 6361, 6411, 6478, 6433, 6398, 6343, 6495, 6557, 6436, 6557, 6316, 6336, 6435, 6392, 6422, 6383, 6519, 6418, 6396, 6086, 6217, 6146, 6218, 6077, 6164, 6048, 5846, 4635, 
4379, 5672, 5706, 5991, 6088, 6241, 6231, 6351, 6200, 6451, 6466, 6380, 6535, 6469, 6462, 6711, 6634, 6635, 6580, 6603, 6447, 6375, 6410, 6618, 6622, 6521, 6764, 6627, 6725, 6664, 6593, 6684, 6335, 6205, 6407, 6353, 6589, 6520, 6515, 6355, 6525, 6587, 6560, 6412, 6276, 6489, 6598, 6519, 6444, 6276, 6495, 6468, 6460, 6542, 6581, 6595, 6605, 6651, 6378, 6347, 6567, 6489, 6475, 6502, 6638, 6416, 6434, 6495, 6403, 6485, 6360, 6427, 6266, 6501, 6571, 6491, 6495, 6410, 6348, 6348, 6398, 6331, 6268, 6207, 6284, 6412, 6556, 6524, 6592, 6354, 6211, 6201, 6130, 6182, 6211, 6206, 6065, 5892, 5728, 4704, 
4506, 5595, 5729, 5955, 6179, 6363, 6407, 6311, 6265, 6247, 6176, 6531, 6732, 6564, 6582, 6610, 6521, 6448, 6379, 6331, 6757, 6554, 6363, 6524, 6393, 6479, 6544, 6563, 6648, 6473, 6542, 6534, 6413, 6357, 6345, 6584, 6616, 6616, 6473, 6343, 6374, 6366, 6441, 6436, 6430, 6483, 6497, 6608, 6489, 6611, 6357, 6636, 6422, 6665, 6475, 6671, 6515, 6616, 6612, 6468, 6480, 6401, 6492, 6558, 6523, 6478, 6438, 6550, 6523, 6625, 6467, 6414, 6537, 6400, 6407, 6606, 6465, 6426, 6402, 6470, 6297, 6200, 6229, 6255, 6342, 6490, 6436, 6432, 6455, 6269, 6248, 6254, 6204, 6270, 6225, 6028, 5893, 5936, 5864, 4656, 
4640, 5750, 6009, 6046, 6066, 6347, 6286, 6305, 6317, 6390, 6362, 6411, 6444, 6427, 6480, 6567, 6355, 6423, 6502, 6501, 6579, 6617, 6235, 6391, 6483, 6329, 6398, 6705, 6517, 6521, 6600, 6681, 6676, 6448, 6236, 6536, 6419, 6454, 6430, 6397, 6408, 6422, 6391, 6450, 6286, 6576, 6400, 6513, 6410, 6435, 6547, 6546, 6529, 6596, 6561, 6502, 6613, 6473, 6502, 6520, 6417, 6603, 6428, 6527, 6541, 6461, 6409, 6597, 6473, 6336, 6414, 6360, 6447, 6498, 6456, 6457, 6450, 6484, 6408, 6381, 6524, 6424, 6459, 6450, 6285, 6503, 6420, 6411, 6540, 6389, 6466, 6260, 6360, 6255, 6267, 6007, 5837, 5777, 5631, 4512, 
4480, 5879, 5987, 6125, 6290, 6342, 6300, 6397, 6432, 6538, 6418, 6487, 6432, 6377, 6473, 6514, 6599, 6557, 6693, 6787, 6489, 6542, 6292, 6445, 6286, 6355, 6543, 6487, 6614, 6377, 6739, 6615, 6582, 6779, 6708, 6570, 6454, 6547, 6426, 6432, 6480, 6403, 6306, 6350, 6374, 6409, 6335, 6424, 6470, 6383, 6522, 6548, 6464, 6523, 6507, 6366, 6462, 6554, 6483, 6523, 6494, 6563, 6510, 6588, 6561, 6644, 6503, 6389, 6593, 6517, 6517, 6484, 6402, 6498, 6406, 6515, 6472, 6521, 6532, 6356, 6496, 6436, 6408, 6340, 6604, 6458, 6551, 6503, 6314, 6446, 6338, 6272, 6149, 6303, 5852, 6192, 5894, 5822, 5649, 4404, 
4515, 5831, 5898, 5969, 6192, 6197, 6362, 6409, 6415, 6458, 6384, 6269, 6428, 6251, 6245, 6439, 6653, 6494, 6410, 6562, 6583, 6410, 6393, 6517, 6408, 6443, 6502, 6521, 6442, 6442, 6535, 6677, 6606, 6631, 6478, 6354, 6463, 6523, 6746, 6624, 6541, 6436, 6424, 6318, 6384, 6233, 6302, 6235, 6527, 6286, 6699, 6486, 6479, 6330, 6519, 6361, 6482, 6433, 6656, 6343, 6530, 6516, 6534, 6481, 6325, 6588, 6292, 6478, 6605, 6546, 6537, 6263, 6378, 6459, 6413, 6539, 6439, 6422, 6497, 6452, 6387, 6399, 6387, 6403, 6518, 6672, 6587, 6645, 6381, 6414, 6238, 6072, 6199, 6140, 6153, 6050, 5834, 5762, 5731, 4521, 
4527, 5985, 5906, 6005, 6122, 6134, 6347, 6410, 6291, 6339, 6216, 6396, 6223, 6445, 6166, 6493, 6374, 6309, 6393, 6706, 6608, 6526, 6427, 6542, 6615, 6503, 6373, 6444, 6575, 6462, 6418, 6634, 6531, 6317, 6310, 6351, 6485, 6300, 6575, 6534, 6444, 6427, 6424, 6596, 6382, 6408, 6508, 6342, 6317, 6426, 6440, 6311, 6359, 6331, 6384, 6283, 6385, 6483, 6583, 6566, 6441, 6426, 6447, 6537, 6396, 6563, 6474, 6508, 6528, 6519, 6451, 6394, 6399, 6518, 6458, 6548, 6611, 6601, 6498, 6328, 6587, 6431, 6575, 6607, 6612, 6541, 6537, 6462, 6444, 6459, 6247, 6181, 6132, 6079, 6113, 6107, 5912, 5925, 5734, 4512, 
4620, 5873, 5954, 6083, 6210, 6251, 6328, 6310, 6252, 6456, 6396, 6497, 6402, 6469, 6402, 6438, 6392, 6380, 6502, 6437, 6689, 6627, 6631, 6496, 6578, 6467, 6366, 6511, 6457, 6631, 6531, 6542, 6567, 6512, 6323, 6298, 6322, 6447, 6454, 6551, 6492, 6589, 6437, 6470, 6404, 6480, 6630, 6436, 6526, 6441, 6506, 6405, 6232, 6211, 6204, 6265, 6420, 6392, 6254, 6343, 6410, 6630, 6527, 6428, 6409, 6333, 6458, 6464, 6656, 6713, 6550, 6479, 6572, 6410, 6480, 6604, 6700, 6653, 6550, 6705, 6615, 6502, 6481, 6428, 6436, 6427, 6606, 6652, 6289, 6303, 6237, 6240, 6133, 6090, 6129, 5954, 6070, 5931, 5736, 4601, 
4612, 5813, 6045, 6111, 6190, 6118, 6306, 6260, 6358, 6411, 6253, 6440, 6313, 6351, 6176, 6422, 6373, 6453, 6430, 6574, 6519, 6610, 6495, 6459, 6526, 6337, 6339, 6478, 6659, 6603, 6395, 6322, 6373, 6574, 6333, 6381, 6412, 6446, 6416, 6462, 6432, 6658, 6436, 6504, 6416, 6496, 6405, 6464, 6560, 6494, 6396, 6352, 6312, 6296, 6341, 6442, 6420, 6374, 6348, 6510, 6521, 6395, 6545, 6687, 6585, 6450, 6725, 6369, 6432, 6632, 6493, 6486, 6496, 6437, 6547, 6560, 6530, 6534, 6571, 6638, 6721, 6586, 6474, 6396, 6477, 6473, 6686, 6628, 6578, 6385, 6369, 6140, 6213, 6211, 5963, 5906, 6024, 5848, 5542, 4523, 
4583, 5980, 5891, 6121, 6046, 6143, 6204, 6264, 6341, 6408, 6253, 6223, 6333, 6568, 6422, 6493, 6514, 6453, 6628, 6481, 6535, 6468, 6457, 6343, 6207, 6400, 6474, 6467, 6542, 6464, 6561, 6529, 6531, 6581, 6515, 6340, 6425, 6706, 6509, 6437, 6615, 6574, 6565, 6278, 6364, 6452, 6219, 6541, 6585, 6426, 6369, 6637, 6348, 6407, 6406, 6371, 6363, 6259, 6210, 6273, 6531, 6583, 6472, 6591, 6494, 6464, 6590, 6521, 6587, 6438, 6509, 6373, 6391, 6488, 6390, 6433, 6549, 6687, 6605, 6651, 6749, 6559, 6478, 6428, 6626, 6608, 6561, 6586, 6576, 6484, 6156, 6057, 6152, 6023, 6046, 5835, 5903, 5739, 5615, 4458, 
4514, 5830, 5794, 5976, 6040, 6062, 6049, 6306, 6326, 6398, 6463, 6326, 6406, 6409, 6537, 6482, 6440, 6522, 6422, 6560, 6573, 6481, 6386, 6317, 6264, 6488, 6383, 6485, 6392, 6444, 6392, 6449, 6641, 6651, 6592, 6636, 6458, 6500, 6499, 6561, 6528, 6467, 6330, 6116, 6270, 6335, 6384, 6555, 6363, 6441, 6541, 6444, 6445, 6350, 6383, 6424, 6415, 6555, 6346, 6343, 6340, 6338, 6373, 6651, 6532, 6428, 6347, 6288, 6496, 6501, 6339, 6452, 6513, 6408, 6537, 6473, 6506, 6594, 6494, 6615, 6715, 6570, 6748, 6633, 6565, 6656, 6444, 6547, 6563, 6430, 6222, 6218, 6200, 6118, 6014, 5812, 5669, 5866, 5784, 4417, 
4690, 5785, 6138, 6147, 6254, 6160, 6162, 6202, 6354, 6570, 6585, 6421, 6380, 6490, 6349, 6238, 6425, 6407, 6409, 6560, 6384, 6326, 6299, 6361, 6423, 6386, 6377, 6545, 6581, 6570, 6589, 6494, 6574, 6594, 6617, 6573, 6624, 6717, 6691, 6532, 6388, 6433, 6405, 6450, 6442, 6566, 6334, 6425, 6341, 6473, 6525, 6318, 6399, 6104, 6257, 6239, 6475, 6427, 6416, 6414, 6522, 6430, 6301, 6390, 6239, 6285, 6443, 6192, 6468, 6472, 6475, 6311, 6561, 6567, 6655, 6511, 6489, 6581, 6674, 6619, 6800, 6675, 6662, 6675, 6574, 6565, 6597, 6453, 6382, 6244, 6223, 6420, 6269, 6136, 6203, 6027, 6001, 5916, 5681, 4666, 
4640, 5798, 5916, 5889, 6115, 6230, 6316, 6264, 6547, 6560, 6510, 6608, 6467, 6368, 6382, 6331, 6405, 6495, 6405, 6488, 6240, 6285, 6424, 6472, 6379, 6486, 6534, 6635, 6547, 6555, 6566, 6404, 6648, 6796, 6621, 6616, 6497, 6675, 6735, 6545, 6435, 6384, 6284, 6234, 6383, 6546, 6276, 6385, 6372, 6417, 6424, 6393, 6529, 6424, 6472, 6268, 6154, 6416, 6495, 6468, 6401, 6538, 6518, 6358, 6392, 6304, 6331, 6505, 6610, 6526, 6523, 6534, 6383, 6580, 6499, 6574, 6538, 6544, 6632, 6686, 6687, 6813, 6505, 6549, 6455, 6272, 6528, 6422, 6375, 6546, 6387, 6399, 6313, 6166, 6106, 6094, 6045, 5839, 5700, 4630, 
4505, 5680, 5622, 5877, 5947, 6219, 6150, 6339, 6502, 6578, 6501, 6471, 6328, 6388, 6498, 6288, 6491, 6385, 6343, 6397, 6344, 6413, 6400, 6473, 6497, 6458, 6483, 6580, 6569, 6493, 6463, 6516, 6434, 6477, 6721, 6753, 6564, 6675, 6505, 6382, 6429, 6605, 6491, 6251, 6286, 6501, 6414, 6307, 6386, 6286, 6596, 6380, 6434, 6536, 6399, 6316, 6273, 6470, 6447, 6490, 6637, 6498, 6596, 6442, 6387, 6287, 6452, 6382, 6497, 6425, 6527, 6640, 6507, 6449, 6418, 6440, 6510, 6771, 6650, 6785, 6825, 6659, 6695, 6496, 6502, 6339, 6568, 6228, 6248, 6305, 6468, 6384, 6078, 6170, 6071, 6017, 5923, 5902, 5835, 4608, 
4551, 5716, 5729, 5945, 5893, 6153, 6200, 6376, 6265, 6408, 6404, 6523, 6465, 6435, 6235, 6512, 6570, 6524, 6424, 6425, 6427, 6514, 6476, 6492, 6436, 6498, 6590, 6432, 6534, 6526, 6547, 6506, 6471, 6391, 6590, 6622, 6583, 6458, 6571, 6616, 6442, 6681, 6563, 6514, 6423, 6557, 6453, 6402, 6539, 6520, 6486, 6549, 6415, 6469, 6435, 6345, 6403, 6254, 6395, 6445, 6453, 6407, 6533, 6511, 6344, 6304, 6468, 6415, 6629, 6417, 6390, 6557, 6672, 6425, 6386, 6429, 6484, 6653, 6634, 6688, 6694, 6705, 6727, 6560, 6589, 6513, 6323, 6384, 6162, 6269, 6378, 6444, 6257, 6229, 6121, 6064, 6031, 5931, 5821, 4694, 
4495, 5748, 5778, 6042, 6076, 6151, 6186, 6249, 6357, 6453, 6378, 6393, 6264, 6358, 6486, 6446, 6533, 6238, 6285, 6348, 6397, 6333, 6398, 6483, 6364, 6396, 6411, 6273, 6424, 6590, 6536, 6328, 6470, 6445, 6531, 6533, 6535, 6470, 6675, 6605, 6455, 6499, 6421, 6397, 6416, 6487, 6417, 6303, 6352, 6507, 6607, 6383, 6310, 6477, 6442, 6172, 6318, 6160, 6378, 6267, 6366, 6373, 6380, 6350, 6458, 6440, 6437, 6454, 6425, 6428, 6584, 6647, 6598, 6502, 6608, 6404, 6383, 6381, 6505, 6517, 6551, 6725, 6567, 6507, 6571, 6336, 6575, 6343, 6329, 6286, 6397, 6313, 6197, 6312, 6176, 6184, 6189, 5937, 5833, 4523, 
4454, 5671, 5742, 5880, 6096, 6209, 6239, 6319, 6446, 6508, 6463, 6530, 6488, 6533, 6552, 6395, 6454, 6271, 6213, 6375, 6425, 6459, 6464, 6542, 6206, 6472, 6385, 6523, 6461, 6490, 6472, 6473, 6475, 6285, 6325, 6383, 6531, 6455, 6673, 6654, 6506, 6664, 6686, 6666, 6424, 6529, 6450, 6357, 6434, 6390, 6524, 6633, 6525, 6586, 6338, 6367, 6211, 6180, 6379, 6406, 6541, 6433, 6351, 6446, 6457, 6390, 6392, 6392, 6361, 6520, 6507, 6765, 6619, 6376, 6498, 6459, 6455, 6528, 6521, 6648, 6648, 6527, 6475, 6529, 6522, 6479, 6652, 6498, 6243, 6332, 6290, 6252, 6403, 6225, 6212, 5929, 6060, 5783, 5790, 4427, 
4469, 5653, 5749, 5790, 6119, 6377, 6405, 6410, 6306, 6338, 6423, 6453, 6423, 6518, 6415, 6411, 6312, 6230, 6258, 6217, 6494, 6331, 6528, 6598, 6512, 6356, 6496, 6466, 6490, 6607, 6622, 6496, 6405, 6387, 6491, 6361, 6412, 6440, 6511, 6495, 6590, 6464, 6448, 6480, 6628, 6472, 6581, 6571, 6595, 6430, 6628, 6473, 6499, 6458, 6270, 6296, 6175, 6375, 6366, 6399, 6493, 6451, 6275, 6373, 6288, 6356, 6329, 6202, 6363, 6438, 6380, 6570, 6709, 6624, 6430, 6445, 6647, 6572, 6322, 6411, 6535, 6494, 6546, 6419, 6487, 6593, 6638, 6483, 6311, 6111, 6388, 6191, 6221, 6285, 6145, 6170, 6048, 5746, 5748, 4433, 
4551, 5757, 5841, 5973, 6056, 6233, 6249, 6104, 6219, 6346, 6533, 6428, 6560, 6374, 6535, 6379, 6496, 6382, 6389, 6482, 6528, 6585, 6580, 6354, 6432, 6355, 6285, 6437, 6462, 6439, 6416, 6323, 6426, 6505, 6541, 6272, 6255, 6429, 6696, 6528, 6427, 6411, 6339, 6300, 6481, 6534, 6414, 6369, 6462, 6369, 6420, 6332, 6309, 6291, 6307, 6416, 6339, 6421, 6244, 6384, 6208, 6276, 6170, 6401, 6585, 6192, 6158, 6351, 6515, 6442, 6263, 6425, 6607, 6567, 6540, 6524, 6481, 6548, 6459, 6560, 6530, 6568, 6456, 6593, 6406, 6333, 6351, 6293, 6208, 6440, 6197, 6230, 6317, 6296, 6230, 6161, 5883, 5712, 5638, 4372, 
4485, 5933, 5854, 5808, 6080, 5987, 6203, 6264, 6183, 6390, 6401, 6350, 6529, 6381, 6520, 6367, 6152, 6330, 6473, 6576, 6522, 6378, 6460, 6434, 6506, 6310, 6340, 6278, 6508, 6429, 6360, 6215, 6356, 6340, 6355, 6327, 6481, 6435, 6550, 6500, 6447, 6567, 6329, 6452, 6512, 6419, 6519, 6517, 6382, 6485, 6270, 6429, 6286, 6308, 6399, 6467, 6261, 6315, 6346, 6518, 6427, 6233, 6363, 6380, 6315, 6309, 6063, 6346, 6271, 6483, 6379, 6559, 6603, 6352, 6568, 6481, 6281, 6472, 6389, 6495, 6645, 6630, 6282, 6405, 6538, 6333, 6489, 6258, 6152, 6395, 6507, 6243, 6118, 6201, 6167, 5952, 5986, 5796, 5594, 4391, 
4509, 5848, 5967, 5959, 6046, 5981, 6124, 6259, 6309, 6382, 6427, 6335, 6391, 6344, 6354, 6493, 6523, 6462, 6349, 6265, 6481, 6362, 6434, 6384, 6262, 6497, 6389, 6478, 6515, 6494, 6569, 6379, 6536, 6330, 6473, 6390, 6409, 6491, 6464, 6472, 6403, 6369, 6272, 6509, 6560, 6496, 6475, 6350, 6272, 6367, 6346, 6405, 6346, 6233, 6292, 6435, 6297, 6321, 6450, 6406, 6430, 6302, 6211, 6382, 6284, 6165, 6322, 6459, 6450, 6450, 6534, 6433, 6443, 6443, 6274, 6333, 6322, 6346, 6450, 6466, 6517, 6563, 6507, 6445, 6342, 6537, 6212, 6224, 6281, 6219, 6347, 6270, 6275, 6186, 6101, 5959, 5934, 5670, 5532, 4362, 
4439, 5730, 5942, 6043, 5989, 5895, 5947, 6263, 6103, 6288, 6453, 6267, 6388, 6450, 6488, 6489, 6434, 6224, 6370, 6480, 6509, 6449, 6388, 6319, 6408, 6290, 6406, 6436, 6559, 6574, 6314, 6324, 6216, 6346, 6404, 6223, 6415, 6480, 6534, 6564, 6321, 6434, 6482, 6459, 6377, 6331, 6321, 6354, 6449, 6432, 6365, 6381, 6413, 6314, 6333, 6265, 6365, 6271, 6255, 6074, 6350, 6311, 6268, 6358, 6286, 6353, 6353, 6343, 6420, 6364, 6239, 6374, 6320, 6404, 6299, 6412, 6490, 6513, 6613, 6515, 6478, 6458, 6394, 6227, 6302, 6451, 6468, 6255, 6290, 6265, 6299, 6318, 6266, 6126, 5948, 5849, 5656, 5551, 5474, 4335, 
4405, 5654, 5764, 5734, 5968, 5868, 5839, 5871, 5967, 5992, 6258, 6558, 6434, 6442, 6469, 6231, 6289, 6277, 6333, 6323, 6412, 6482, 6403, 6348, 6425, 6452, 6287, 6481, 6352, 6257, 6378, 6402, 6389, 6311, 6281, 6204, 6288, 6438, 6482, 6382, 6167, 6472, 6347, 6394, 6565, 6397, 6274, 6351, 6310, 6384, 6481, 6233, 6354, 6449, 6293, 6161, 6114, 6075, 6341, 5999, 6210, 6002, 6074, 6245, 6334, 6262, 6188, 6176, 6268, 6388, 6199, 6385, 6510, 6227, 6252, 6364, 6426, 6401, 6502, 6378, 6441, 6263, 6444, 6487, 6421, 6311, 6313, 6155, 6237, 6288, 6198, 6242, 6212, 6057, 5886, 5877, 5631, 5610, 5491, 4337, 
4355, 5442, 5750, 5738, 5859, 5728, 5784, 5793, 5982, 6010, 6060, 6317, 6392, 6418, 6246, 6191, 6340, 6429, 6266, 6323, 6392, 6368, 6396, 6426, 6254, 6152, 6305, 6272, 6417, 6339, 6367, 6451, 6220, 6434, 6386, 6376, 6488, 6369, 6369, 6362, 6258, 6138, 6334, 6446, 6459, 6306, 6273, 6336, 6264, 6327, 6389, 6340, 6260, 6206, 6375, 6173, 6193, 6115, 6172, 6098, 6194, 6199, 6222, 6158, 6220, 6317, 6354, 6103, 6113, 6253, 6330, 6244, 6371, 6271, 6139, 6277, 6509, 6496, 6433, 6324, 6433, 6296, 6286, 6202, 6177, 6411, 6239, 6176, 6201, 6245, 6215, 6222, 5871, 5903, 5940, 5681, 5784, 5540, 5485, 4335, 
4322, 5636, 5716, 5816, 5787, 5826, 5907, 5907, 5966, 6065, 5995, 6169, 6231, 6087, 6222, 6057, 6229, 6211, 6241, 6218, 6251, 6455, 6483, 6391, 6323, 6376, 6310, 6287, 6289, 6483, 6101, 6139, 6285, 6244, 6439, 6413, 6487, 6367, 6403, 6183, 6175, 6281, 6296, 6358, 6399, 6297, 6265, 6375, 6269, 6312, 6226, 6135, 6179, 6191, 6208, 6090, 6007, 6212, 6265, 6110, 6180, 6058, 6214, 6256, 6148, 6239, 6068, 6076, 6120, 6102, 6119, 6095, 6320, 6167, 6286, 6287, 6262, 6353, 6260, 6436, 6221, 6399, 6245, 6037, 6156, 6082, 6214, 6278, 6248, 6117, 6228, 6216, 5949, 5851, 5926, 5846, 5595, 5522, 5544, 4377, 
4274, 5521, 5587, 5893, 5643, 5797, 5749, 5762, 5840, 6161, 6035, 6020, 6191, 6174, 6215, 6037, 6046, 6109, 6158, 6248, 6315, 6199, 6327, 6238, 6442, 6372, 6404, 6318, 6390, 6317, 6069, 6190, 6239, 6402, 6383, 6296, 6409, 6477, 6420, 6350, 6250, 6167, 6152, 6285, 6263, 6257, 6355, 6377, 6176, 6180, 6185, 6175, 6160, 6064, 6033, 6019, 6067, 6079, 6297, 6061, 6121, 5992, 6090, 6207, 6051, 6166, 6107, 6149, 5991, 6118, 6092, 6147, 6242, 6039, 6179, 6316, 6251, 6078, 6411, 6202, 6220, 6301, 6263, 6116, 6050, 6057, 6030, 6117, 6014, 6110, 6198, 6080, 6048, 5904, 5860, 5883, 5678, 5638, 5546, 4364, 
4245, 5496, 5553, 5914, 5730, 5915, 5734, 6046, 5934, 6017, 6012, 6098, 6085, 6122, 6166, 6033, 6078, 6119, 6173, 6132, 6148, 6198, 6356, 6334, 6253, 6178, 6281, 6325, 6335, 6177, 6049, 6248, 6145, 6182, 6262, 6313, 6246, 6317, 6229, 6111, 6087, 6174, 6093, 6012, 6196, 6321, 6260, 6277, 6014, 6206, 6193, 6405, 6169, 5975, 5961, 5836, 5976, 6093, 6093, 6156, 6052, 6118, 6148, 5980, 6201, 6100, 6089, 6121, 6137, 6040, 6008, 5944, 6120, 6010, 6210, 6224, 6313, 6207, 6349, 6162, 6244, 6362, 6215, 5916, 5940, 5996, 5803, 6034, 5989, 6120, 6194, 6130, 6114, 5850, 5716, 5788, 5514, 5552, 5554, 4300, 
4167, 5382, 5304, 5586, 5673, 5859, 5840, 5955, 5959, 6151, 5999, 5777, 5925, 5859, 6118, 5861, 5994, 6159, 6112, 6036, 5956, 6106, 6041, 6127, 6201, 6149, 6261, 6074, 6178, 6198, 6051, 6076, 6336, 6227, 6271, 6216, 6271, 6350, 6235, 6085, 6177, 5939, 6200, 6028, 6052, 5991, 6079, 6050, 5951, 6056, 5935, 6070, 6210, 5977, 6124, 5891, 5945, 5812, 5936, 6077, 5927, 6075, 5798, 6003, 6032, 6073, 5865, 6042, 6093, 6018, 6033, 5925, 6014, 5962, 5968, 6275, 6290, 6212, 6249, 6228, 6173, 6039, 5939, 5966, 5964, 6060, 6065, 6007, 5846, 6167, 6025, 6033, 6017, 5950, 5904, 5769, 5593, 5481, 5578, 4367, 
4124, 5236, 5385, 5454, 5642, 5844, 6129, 5900, 6082, 5887, 5929, 5792, 5846, 5895, 5780, 5842, 5898, 5801, 5909, 5901, 5949, 5920, 5983, 6031, 5922, 5985, 6117, 5965, 6093, 6161, 6065, 6126, 6149, 6191, 6032, 6062, 6145, 6213, 6239, 6066, 5951, 6041, 6062, 6013, 5937, 5885, 6063, 5995, 5989, 5986, 5846, 5954, 6102, 5939, 5785, 5896, 5922, 5812, 5781, 5766, 5756, 5833, 5684, 5856, 5980, 5989, 5717, 6017, 5967, 6148, 6089, 5985, 6041, 6102, 6178, 6077, 6157, 5997, 5924, 5945, 6041, 6047, 6007, 5955, 5868, 5905, 5874, 6037, 5928, 5889, 5893, 6007, 5821, 5818, 5709, 5643, 5644, 5455, 5510, 4129, 
3898, 5169, 5283, 5354, 5498, 5729, 5771, 5773, 5758, 5973, 5723, 5809, 5788, 5902, 5903, 5947, 5763, 5713, 5811, 5845, 5956, 5847, 5974, 6089, 5854, 5899, 5939, 5929, 6065, 5986, 5960, 6117, 5967, 6032, 6103, 6109, 6151, 5886, 6195, 5979, 5977, 5891, 6107, 5984, 5963, 5957, 6026, 5924, 5819, 5769, 5781, 5773, 5846, 5777, 5878, 5780, 5761, 5670, 5796, 5781, 5901, 5612, 5579, 5809, 5748, 5637, 5734, 5815, 5816, 5960, 5961, 5821, 5925, 5913, 6134, 5956, 6026, 6009, 5886, 5906, 5915, 5863, 6037, 5828, 6060, 5797, 5857, 5870, 5951, 5811, 5800, 5816, 5844, 5767, 5479, 5387, 5364, 5428, 5417, 4229, 
4024, 5051, 5049, 5227, 5421, 5524, 5704, 5460, 5588, 5541, 5604, 5767, 5756, 5794, 5819, 5924, 5839, 5716, 5642, 5767, 6021, 5832, 5816, 5780, 5870, 5796, 5828, 5730, 5769, 5799, 5948, 5880, 5931, 5961, 6041, 5848, 6102, 6054, 5850, 5812, 5874, 5784, 5773, 5855, 5843, 5915, 5875, 5798, 5691, 5861, 5782, 5711, 5874, 5694, 5673, 5598, 5693, 5641, 5846, 5932, 5788, 5696, 5635, 5576, 5725, 5673, 5463, 5631, 5892, 5751, 5785, 5858, 5763, 5894, 5831, 5829, 5873, 5819, 5843, 5756, 5967, 5893, 5998, 5924, 5885, 6014, 5953, 5997, 5898, 5910, 5867, 5647, 5572, 5674, 5638, 5439, 5361, 5432, 5413, 4286, 
2893, 3966, 3957, 4131, 4147, 4272, 4497, 4317, 4426, 4271, 4303, 4413, 4573, 4550, 4610, 4640, 4550, 4448, 4460, 4521, 4474, 4493, 4579, 4468, 4471, 4534, 4615, 4474, 4627, 4591, 4620, 4533, 4595, 4768, 4753, 4683, 4638, 4659, 4580, 4619, 4679, 4662, 4698, 4550, 4493, 4536, 4496, 4515, 4609, 4649, 4563, 4501, 4565, 4650, 4558, 4496, 4630, 4529, 4615, 4569, 4612, 4539, 4436, 4322, 4447, 4168, 4263, 4303, 4476, 4560, 4629, 4596, 4631, 4671, 4663, 4631, 4728, 4573, 4538, 4743, 4718, 4665, 4814, 4578, 4536, 4647, 4740, 4675, 4801, 4731, 4654, 4338, 4572, 4429, 4416, 4416, 4268, 4236, 4233, 3109, 
