3186,4258,4372,4424,4606,4516,4493,4541,4594,4568,4710,4570,4787,4935,4981,4905,4814,4710,4774,4638,4580,4596,4653,4664,4660,4673,4780,4789,4575,4664,4813,4637,4719,4704,4805,4879,4968,5010,4992,4908,4992,4952,4988,4927,4871,4969,4973,4931,4855,4741,4779,4704,4741,4752,5012,4858,4772,4925,4750,4849,4842,4856,4807,4685,4780,4693,4755,4764,4708,4858,4855,4854,5014,5006,4943,4906,4878,4878,4859,4885,4551,4634,4632,4798,4707,4837,4765,4726,4756,4694,4701,4754,4682,4485,4502,4324,4264,4503,4323,3193,
4261,5381,5671,5767,5800,5716,5756,5732,5826,5989,5836,5902,6163,6199,6220,6150,6058,6099,6185,6153,5849,5904,5904,5908,5758,5960,5978,5968,5957,5860,6016,5904,6008,5982,6058,6073,6116,6261,6472,6387,6298,6213,6040,6178,6220,6354,6220,6256,6015,6077,5946,6064,6006,6161,6158,6115,6012,6038,6159,6143,6198,6291,6118,6178,6032,6021,5986,5953,6248,5966,6101,6211,6091,6191,6151,6346,6182,6138,6084,6107,5906,5912,5785,6162,6023,6037,6086,5943,5925,6107,6047,5968,5823,5858,5688,5647,5609,5550,5522,4229,
4396,5621,5707,5792,5901,5916,6006,5921,5900,5961,6011,5872,6090,6134,6068,6355,6288,6192,6331,6246,6107,6213,6162,6094,6051,6017,6095,6055,5998,5990,5998,6104,6090,6174,6268,6425,6332,6360,6474,6325,6327,6277,6290,6156,6249,6310,6306,6343,6329,6081,6344,6305,6280,6224,6349,6132,6111,6176,6126,6373,6238,6316,6350,6360,6385,6076,5995,6101,6221,6193,6088,6283,6130,6328,6439,6228,6266,6225,6174,6298,6041,6085,5930,6122,6122,6079,6074,6107,6134,6033,6120,6174,5999,5761,5782,5826,5621,5526,5548,4459,
4438,5724,5884,5949,5917,6118,6112,6166,5909,6093,6182,5998,6317,6334,6296,6280,6359,6342,6336,6406,6364,6342,6535,6117,6039,6439,6294,6246,6100,6033,6139,6163,6155,6268,6354,6330,6646,6507,6258,6431,6331,6308,6480,6523,6249,6415,6326,6431,6312,6276,6391,6461,6314,6412,6404,6204,6300,6337,6229,6332,6235,6377,6424,6296,6338,6402,6331,6291,6248,6038,6124,6201,5973,6328,6368,6368,6325,6220,6105,6135,6148,6105,6098,6092,6382,6211,6263,6272,6314,6083,6328,6144,6134,5712,6067,5875,5687,5685,5625,4505,
4465,5748,5955,6003,6129,6175,6221,6131,6134,6107,6289,6275,6366,6256,6339,6349,6308,6341,6416,6541,6432,6338,6386,6002,6209,6383,6199,6357,6355,6337,6261,6350,6349,6309,6367,6333,6577,6507,6565,6503,6443,6345,6522,6553,6462,6575,6289,6345,6486,6482,6571,6507,6512,6337,6335,6314,6393,6338,6369,6430,6348,6172,6410,6230,6338,6505,6387,6281,6259,6210,6116,6285,6379,6423,6297,6217,6397,6435,6217,6217,6245,6242,6133,6348,6294,6183,6344,6314,6262,6059,6357,6237,6202,6032,6041,5911,5718,5868,5648,4480,
4582,5739,5809,6080,6096,6080,6224,6294,6265,6368,6423,6311,6304,6337,6172,6238,6535,6424,6399,6555,6696,6537,6512,6425,6335,6325,6426,6329,6370,6501,6317,6313,6298,6320,6509,6597,6529,6396,6347,6479,6475,6518,6435,6602,6542,6404,6423,6453,6467,6442,6483,6505,6617,6555,6622,6678,6407,6396,6308,6295,6362,6391,6404,6374,6540,6436,6316,6334,6444,6426,6392,6451,6353,6384,6306,6241,6377,6466,6429,6281,6373,6344,6320,6315,6341,6236,6523,6498,6374,6459,6234,6367,6325,6180,6088,6026,5913,5809,5647,4606,
4627,5779,5975,6042,6210,6235,6277,6333,6155,6321,6393,6578,6649,6299,6200,6249,6309,6445,6415,6490,6618,6681,6533,6610,6396,6554,6467,6489,6307,6535,6566,6412,6496,6438,6562,6591,6636,6565,6431,6450,6657,6563,6466,6790,6580,6427,6333,6349,6353,6584,6582,6588,6642,6660,6655,6731,6434,6488,6295,6269,6521,6410,6485,6407,6393,6404,6398,6416,6600,6314,6371,6538,6456,6247,6346,6456,6530,6646,6441,6536,6653,6514,6475,6401,6542,6459,6618,6466,6439,6530,6405,6357,6323,6071,6127,6113,5862,5774,5812,4643,
4677,5796,5930,6290,6212,6239,6342,6342,6308,6189,6302,6394,6342,6114,6176,6293,6331,6397,6332,6475,6569,6568,6734,6653,6717,6642,6584,6670,6543,6535,6559,6674,6548,6576,6622,6736,6660,6630,6531,6603,6482,6429,6640,6660,6645,6516,6415,6626,6515,6671,6570,6542,6643,6686,6571,6607,6573,6401,6347,6328,6371,6434,6513,6417,6449,6637,6432,6744,6643,6632,6617,6485,6352,6346,6443,6579,6491,6608,6582,6565,6700,6577,6739,6720,6576,6671,6509,6396,6512,6416,6518,6434,6447,6171,5992,5990,5990,5882,5959,4737,
4603,5788,6074,6468,6365,6218,6365,6163,6174,6266,6499,6464,6384,6498,6257,6340,6553,6608,6433,6476,6557,6655,6622,6817,6662,6630,6681,6658,6574,6573,6710,6741,6604,6718,6729,6817,6698,6799,6648,6332,6414,6504,6674,6749,6617,6786,6745,6577,6712,6496,6511,6499,6549,6707,6617,6649,6497,6417,6330,6421,6447,6474,6314,6431,6485,6522,6575,6703,6703,6599,6689,6490,6571,6531,6456,6646,6713,6693,6731,6688,6571,6701,6639,6751,6521,6646,6516,6420,6560,6530,6463,6503,6496,6189,6024,5963,5978,5869,5952,4702,
4757,6052,6141,6256,6089,6362,6386,6322,6220,6271,6458,6500,6533,6447,6571,6369,6506,6532,6505,6615,6719,6685,6707,6726,6623,6669,6775,6688,6600,6772,6863,6769,6721,6593,6818,6851,6740,6656,6681,6522,6601,6590,6597,6712,6759,6692,6684,6731,6599,6597,6731,6666,6639,6467,6518,6525,6528,6356,6532,6530,6590,6573,6403,6759,6557,6543,6599,6590,6700,6599,6606,6515,6392,6555,6688,6771,6740,6489,6658,6598,6540,6561,6650,6785,6564,6505,6561,6525,6587,6583,6718,6401,6470,6180,6056,5995,6075,5790,6132,4707,
4707,6047,6114,6341,6170,6260,6249,6396,6506,6485,6574,6738,6440,6533,6450,6443,6600,6762,6766,6609,6792,6707,6750,6754,6651,6734,6687,6789,6590,6796,6748,6736,6723,6816,6788,6553,6854,6758,6661,6607,6725,6664,6825,6548,6803,6495,6532,6605,6634,6714,6803,6910,6671,6573,6557,6669,6601,6587,6445,6517,6590,6786,6613,6617,6423,6563,6602,6803,6561,6696,6797,6622,6627,6538,6736,6810,6674,6610,6681,6675,6920,6979,6831,6864,6703,6522,6599,6691,6639,6601,6582,6496,6455,6321,6127,6016,6051,6028,5822,4582,
4759,5956,6163,6200,6198,6242,6326,6382,6533,6603,6547,6607,6432,6471,6780,6688,6672,6655,6784,6612,6684,6648,6835,6577,6545,6716,6647,6612,6528,6732,6751,6851,6692,6638,6563,6663,6492,6737,6697,6671,6785,6705,6819,6593,6620,6742,6634,6477,6495,6919,6770,6883,6984,6929,6686,6736,6784,6658,6707,6671,6689,6821,6626,6793,6766,6739,6640,6598,6709,6721,6710,6701,6630,6673,6479,6809,6837,6678,6695,6770,6886,6934,6794,6703,6595,6737,6728,6760,6488,6542,6520,6379,6587,6265,6176,6146,5845,5803,5702,4641,
4653,6007,6102,6233,6411,6335,6466,6412,6493,6618,6717,6576,6433,6685,6715,6697,6699,6655,6803,6697,6656,6926,6893,6716,6659,6670,6716,6673,6728,6732,6657,6723,6792,6727,6578,6762,6734,6596,6568,6642,6652,6765,6830,6511,6641,6714,6684,6687,6778,6849,6835,6839,6625,6872,6771,6622,6738,6652,6588,6624,6762,6810,6851,6898,6846,6729,6775,6890,6766,6667,6640,6596,6710,6772,6651,6720,6795,6759,6822,6713,7022,6863,6771,6903,6650,6707,6645,6817,6592,6575,6518,6598,6643,6381,6248,6156,5790,5962,5781,4680,
4695,6007,6096,6240,6301,6405,6436,6468,6463,6434,6510,6670,6479,6628,6808,6897,6761,6715,6639,6794,6881,6786,6795,6802,6572,6862,6855,6693,6835,6869,6868,6957,6973,6973,6748,6692,6653,6791,6810,6972,6843,6736,6785,6711,6800,6786,6745,6739,6841,6858,7029,6966,6918,6730,6758,6689,6906,6816,6728,6779,6832,6818,6796,6891,6973,6843,6925,6918,6741,6751,6601,6654,6619,6717,6798,6748,6991,6703,6803,6774,6834,7060,6930,6897,6834,6842,6665,6784,6748,6697,6641,6548,6774,6594,6419,6115,6024,5837,5910,4650,
4686,6060,6189,6265,6318,6458,6338,6528,6466,6645,6721,6712,6766,6801,6894,6919,6829,6735,6901,6874,6881,6683,6764,6568,6513,6568,6775,6763,6839,6912,6724,7092,6747,6793,6803,6690,6635,6723,6597,6842,6700,6766,6791,6684,6871,6840,6780,6756,6895,6850,7012,6918,6844,6748,6824,6632,6694,6884,6909,6949,6986,6830,6898,6732,6674,6616,6807,6816,6762,6686,6660,6627,6889,6797,6713,6775,6710,6890,6783,6763,6937,6992,6870,6834,6832,6804,6966,6892,6790,6574,6595,6379,6709,6466,6426,6219,6079,6031,6070,4763,
4622,5970,5990,6106,6484,6346,6485,6453,6448,6885,6759,6710,6734,6916,6730,6722,6747,6672,6883,6724,6571,6656,6764,6603,6673,6765,6706,6838,6708,6801,6710,6838,6854,6956,6870,6767,6825,6645,6724,6732,6761,6878,6888,6966,6793,6842,6800,6761,6887,6945,6878,6850,6571,6800,6795,6702,6686,6761,6828,7039,6734,6807,6856,6855,6790,6832,6764,6654,6735,6720,6766,6706,6572,6866,6617,6901,6752,6764,6923,6884,6792,7150,6934,6903,6806,6889,6962,6822,6708,6658,6591,6552,6615,6447,6308,6204,6071,6004,5828,4816,
4650,5964,6128,6174,6329,6282,6370,6585,6516,6540,6608,6855,6641,6725,6892,6814,6954,6658,6717,6629,6532,6474,6738,6540,6589,6648,6598,6662,6810,6730,6778,6925,6839,6908,6837,6860,6707,6653,6867,6889,6607,6771,6865,6704,6824,6892,6789,6955,6777,6884,6891,6813,6832,7023,6873,6739,6916,6785,6988,6861,6817,6728,6934,6777,6813,6607,6826,6860,6801,6842,6772,6705,6798,6639,6534,6644,6859,6578,6837,6889,6814,6779,7058,6829,6747,6699,6841,6839,6647,6978,6808,6604,6483,6541,6476,6270,6296,6170,6014,4772,
4586,5961,6130,6235,6221,6382,6410,6512,6473,6526,6733,6729,6703,6752,6961,7023,6908,6795,6703,6552,6697,6601,6806,6657,6651,6709,6728,6738,6705,6794,6666,6881,6919,6750,6726,6924,6970,6735,6719,6766,6827,6827,6965,6890,6909,6720,6730,6662,6551,6650,6841,7013,6947,6990,6913,6948,6971,6845,6764,6848,6888,6780,6770,6713,6725,6634,6657,6858,6925,6715,6624,6926,6668,6805,6726,6560,6730,6697,6916,6919,6932,6823,6887,6773,6857,6602,6721,6702,6662,6696,6719,6486,6570,6574,6438,6375,6364,6196,6038,4635,
4697,5692,5991,6246,6295,6373,6431,6511,6717,6643,6809,6816,6669,6499,6732,6834,6866,6738,6675,6732,6577,6492,6807,6753,6822,6802,6642,6542,6647,6743,6702,6782,6872,6734,6950,6905,6812,6783,6781,6822,6906,6858,6951,6850,6666,6881,6647,6834,6826,6849,6750,6852,6861,6780,6865,6828,6955,6852,6859,6941,6827,6864,6640,6865,6812,6755,6726,6730,6875,6767,6864,6689,6637,6801,6722,6767,6715,6763,6862,6913,7052,6971,6880,6682,6792,6782,6754,6656,6854,6945,6822,6687,6546,6500,6369,6152,6055,6201,6030,4716,
4655,5923,6038,6311,6368,6373,6446,6583,6643,6755,6719,6631,6818,6571,6562,6751,6761,6808,6798,6756,6724,6675,6673,6741,6864,6779,6804,6739,6590,6837,6850,6954,6810,6716,6876,6798,6841,6930,6942,6892,6873,6887,6794,6772,6789,6851,6880,6797,6787,6872,6830,6799,6761,6946,6850,6922,6834,6706,6924,6846,6693,6823,6740,6874,6821,6935,6886,6986,6835,6738,6778,6661,6723,6563,6849,6831,6590,6808,6921,6934,6898,7076,6672,6718,6894,6770,6678,6793,6797,6873,6698,6608,6441,6586,6447,6393,6265,6245,6085,4670,
4772,5944,5987,6186,6127,6220,6515,6531,6595,6815,6850,6680,6836,6721,6635,6867,6854,6686,6802,6752,6889,6750,6901,6755,6910,6937,6851,6744,6810,6934,6809,6865,6855,6643,6943,6831,6829,7081,6886,6984,6983,6978,6695,6613,6676,6817,6751,6713,6842,6799,6826,6767,6643,6838,6870,7096,6824,6746,6841,6675,6620,6831,6765,6673,6732,6819,6894,6813,6876,6751,6719,6637,6632,6606,6680,6806,6716,6793,6867,6894,6976,7211,6877,6880,7001,6876,6722,6641,6583,6746,6710,6747,6618,6421,6455,6506,6481,6218,6033,4776,
4809,6066,6046,6201,6264,6416,6489,6588,6604,6792,6640,6742,6812,6804,6738,6798,6745,6789,6851,6748,6721,6710,6816,6790,6813,6864,6737,6875,6874,6856,6777,6756,6866,6655,6813,6796,7097,6863,6942,6899,6797,6759,6629,6749,6799,6747,6821,6841,6663,6681,6883,6829,6846,6759,6817,6672,6643,6600,6686,6558,6706,6644,6723,6782,6756,6840,6743,6847,6858,6845,6812,6578,6609,6587,6657,6709,6731,6716,6844,7079,6911,6871,6944,6818,6944,6846,6718,6717,6780,6789,6670,6619,6531,6400,6414,6266,6302,6018,6121,4814,
4772,6189,6189,6268,6413,6384,6485,6575,6750,6662,6876,6616,6641,6826,6710,6777,6682,6841,6808,6769,6802,6816,6733,6682,6725,6833,6771,6794,6819,6948,6655,6988,6895,6832,7037,6697,6929,6798,6839,6918,6781,6697,6793,6725,6813,6781,6660,6626,6726,6712,6848,6689,7011,6741,6848,6784,6702,6754,6643,6604,6517,6685,6789,6791,6642,6704,6481,6636,6738,6925,6849,6833,6550,6635,6749,6788,6750,6503,6859,6962,6968,6986,7016,6787,6816,6821,6670,6708,6742,6847,6622,6750,6587,6339,6432,6396,6345,6176,5948,4822,
4845,6139,6181,6358,6446,6488,6608,6903,6475,6526,6600,6682,6691,6699,6621,6723,6590,6704,6698,6747,6905,6808,6678,6770,6729,6746,6725,6841,6931,6927,6769,6982,6850,6825,6841,6769,6734,6979,6892,6891,6608,6814,6583,6727,6575,6675,6666,6667,6819,6929,6863,6839,6761,6806,6675,6876,6757,6750,6693,6622,6675,6544,6559,6656,6725,6651,6643,6740,6808,6915,6991,6827,6820,6554,6628,6575,6649,6602,6693,6972,6967,6856,7063,6948,6878,6923,6857,6707,6672,6857,6749,6807,6556,6373,6288,6339,6081,6225,6200,4825,
4801,6163,6179,6210,6474,6652,6685,6653,6521,6603,6651,6788,6754,6741,6834,6564,6753,6781,6683,6579,6771,6782,6704,6921,6829,6725,6851,6783,6968,6965,6773,6778,6738,6795,6929,6979,6826,6918,7031,7113,6783,6920,6727,6932,6516,6644,6537,6593,6789,6862,6858,6903,6792,6847,6829,6821,6655,6617,6744,6682,6727,6599,6684,6703,6606,6790,6596,6814,6973,6897,6883,6783,6760,6745,6750,6745,6750,6760,6685,6735,7068,6889,6929,6919,6802,6819,6670,6523,6589,6714,6759,6699,6475,6437,6230,6232,6111,6245,6091,4685,
4932,6045,6155,6321,6314,6499,6565,6665,6458,6487,6599,6700,6836,6775,6907,6787,6702,6557,6791,6719,6666,6806,6781,6798,6771,6762,6804,6946,7003,6784,6834,6873,6932,7157,6975,6908,6908,6752,6802,6832,6737,6665,6629,6656,6472,6740,6462,6742,6711,6672,6880,6944,7086,6922,6828,6891,6798,6732,6655,6666,6948,6722,6809,6749,6840,6772,6772,6730,6842,6824,6892,6699,6685,6736,6858,6886,6764,6689,6820,6791,6989,6951,6747,6874,7037,6853,6703,6671,6827,6721,6737,6705,6629,6617,6465,6356,6173,5954,5906,4617,
4729,6166,6268,6326,6336,6587,6709,6737,6770,6629,6475,6670,6516,6824,6969,6769,6606,6927,6751,6892,6835,6675,6722,6826,6819,6859,6989,6988,6882,6735,6804,6760,6903,6966,6932,6856,6957,6897,6834,6794,6747,6755,6713,6643,6690,6753,6732,6887,6755,6793,6735,6824,6972,6857,6804,6841,6919,6929,6892,6622,6800,6803,6952,6908,6789,6966,6878,6853,6626,6855,6743,6903,6900,6795,6987,6897,6792,6676,6815,6881,6752,6849,6899,6823,6749,6662,6683,6608,6735,6549,6484,6618,6508,6444,6460,6251,5889,5919,5813,4643,48
4797,6086,6102,6241,6316,6333,6644,6526,6826,6669,6711,6599,6555,6777,6646,6616,6930,6788,6895,6766,6940,6723,7051,6795,7072,6914,7060,6981,6748,6858,6867,6810,6953,6832,6943,6811,6849,6807,6752,6640,6776,6495,6701,6866,6784,6708,6797,6696,6727,6840,6812,6956,6959,6874,6828,6809,6992,6809,6835,6765,6929,6773,6813,6897,6870,6785,6709,6806,6767,6662,6828,6749,6796,6817,6832,6693,6699,6668,6843,6696,6792,6590,6775,6913,6763,6732,6737,6776,6856,6620,6674,6573,6679,6552,6397,6356,6072,5932,5803,4622,0.005338672005
4833,6068,6070,6285,6596,6470,6494,6318,6628,6515,6627,6609,6616,6770,6852,6970,6725,6865,6846,6790,6810,6865,7027,6957,6881,6912,7082,6769,6986,7060,6901,6919,6814,6883,6832,6867,7019,6761,6763,6587,6698,6792,6707,6935,6821,6891,6805,6539,6627,6866,6799,6843,6862,6709,6867,6759,6758,6813,6749,6878,6929,6884,6876,6814,6869,6971,6639,6881,6745,6682,6708,6829,6750,6904,6811,6766,6612,6596,6876,6873,6730,6799,6660,6869,6849,6765,6748,6780,6536,6688,6718,6585,6606,6461,6616,6363,6267,6035,6099,4714,
4839,6025,6317,6300,6513,6515,6327,6518,6631,6670,6565,6582,6733,6727,6685,6658,6818,6903,6866,6699,6757,6804,6884,6885,6898,6881,6743,6851,6858,7038,6808,6810,6989,6987,6743,6936,7069,6828,6918,6632,6785,6749,6759,6830,6821,6882,6674,6780,6710,6748,6853,6793,6924,7021,6798,6849,6752,6747,6900,6948,6872,6789,7013,6725,6682,6936,6907,6922,6533,6829,6896,7073,6841,6907,6878,6918,6754,6731,6809,6903,6698,6969,6892,6804,6766,6765,6704,6713,6636,6959,6671,6534,6596,6574,6411,6330,6249,6291,6009,4749,
4691,6038,6108,6255,6454,6298,6486,6627,6412,6547,6658,6705,6919,6648,6593,6704,6706,6856,6576,6681,6834,6936,6749,7001,7105,7025,6877,6718,6745,6843,6820,7014,7030,6975,6806,6936,6893,6978,6923,6765,6733,6658,6986,6843,6752,6788,6925,6893,6704,6751,6885,6738,6732,6910,6753,6882,6866,6909,6965,6922,6855,6925,6745,6703,6754,6855,6761,6711,6881,6869,6896,6904,6925,6872,6753,6839,6905,6776,6830,6899,6659,6783,6683,6652,6734,6857,6739,6697,6664,6792,6717,6700,6594,6858,6465,6168,6057,6160,6157,4746,
4774,5999,6185,6439,6240,6481,6605,6440,6449,6617,6652,6642,6805,6777,6771,6881,6615,6650,6703,6984,6853,6820,6863,6966,6956,6849,6834,6754,6625,6744,7104,7010,6870,6894,6939,6846,7050,7055,6829,6823,6739,6767,6917,6700,6581,6851,6975,6796,6686,6947,6733,6860,6794,6831,7023,6813,6993,6732,6851,6762,6931,6863,6842,6765,6958,6981,6789,6879,6912,7096,6955,6856,6852,6858,6675,6802,6931,6901,6855,6907,6720,6744,6706,6592,6696,6913,6703,6759,6628,6641,6766,6600,6655,6519,6481,6473,6083,6141,5960,4810,
4865,5954,6174,6222,6383,6240,6431,6497,6466,6585,6314,6736,6764,6754,6844,6906,6976,6822,6719,6924,6885,6640,6748,6889,6851,6681,6673,6647,6974,7129,7171,7044,6897,6808,6859,6787,6945,6982,6882,6929,6730,6786,6948,6921,6835,6801,6937,7066,6799,6975,6789,6846,6738,6887,6624,6753,6773,6908,6926,6772,6879,6944,6850,6871,6769,6763,6809,6823,6848,6902,6915,6783,6771,6898,6645,6761,6928,6618,6830,6893,6831,6794,6696,6845,6735,6905,6722,6666,6623,6639,6654,6508,6477,6619,6438,6364,6278,6015,6073,4790,
4702,6058,6251,6170,6304,6383,6621,6608,6637,6655,6636,6631,6809,6621,6857,6708,6775,6758,6697,6766,6916,6849,6696,6880,6956,7028,6728,6743,6719,7020,6985,6941,6963,6983,6760,6787,6908,6769,6703,6797,6717,6842,6825,6716,6743,6962,7046,6825,6878,7023,6717,6826,6748,6877,6782,6873,6811,6820,6875,6900,6834,6721,6717,6745,6698,6865,6714,6683,6717,6642,6634,6883,6738,7018,6912,6863,6759,6882,6733,6774,6626,6654,6735,6790,6716,6770,6804,6781,6661,6746,6721,6667,6595,6559,6325,6205,6247,6128,6117,4870,
4820,5962,6140,6414,6550,6661,6628,6620,6553,6642,6730,6680,6648,6714,6618,6689,6655,6717,6620,6632,6903,6678,6821,6909,7073,7002,6769,6713,6685,6936,6937,7066,6868,6912,6794,6789,6941,6790,6900,6813,6737,6885,6722,6881,6867,7010,7191,6910,6935,7039,6829,6963,6895,6968,6679,6931,6974,6915,6777,6920,6793,6897,6733,6799,6808,6858,6854,6867,6520,6697,6627,6846,6863,6951,6960,7046,6807,7038,6637,6625,6561,6689,6624,6649,6701,6662,6715,6584,6803,6700,6545,6553,6589,6595,6486,6619,6265,6111,5981,4806,
4811,6193,6254,6314,6441,6522,6526,6659,6447,6488,6608,6710,6721,6655,6678,6787,6637,6794,6774,6738,6774,6662,6986,7059,7017,6778,6737,6724,6695,7024,6856,6990,6887,6813,6783,6827,6981,6941,6715,6571,6876,6790,6727,6960,7005,6975,6880,6758,6965,6691,6682,6841,6898,7051,6880,6866,7051,7079,6882,6922,6851,6798,6794,6828,6955,6715,6868,6840,6581,6689,6678,6892,6969,7005,6976,6963,6901,6887,6901,6707,6855,6712,6705,6790,6702,6628,6467,6684,6783,6916,6694,6590,6425,6439,6534,6499,6449,6250,6034,4849,
4727,6037,6227,6219,6447,6509,6484,6594,6541,6560,6546,6632,6528,6790,6731,6666,6746,6853,6851,6786,6749,6648,6926,7020,6885,6874,6673,6764,6841,6819,6865,6906,6967,6839,6856,6937,7150,6928,6921,6906,6857,6826,6803,6945,7054,6840,6776,6978,6778,6751,6872,6848,6947,6841,6962,6834,7110,6984,6898,6767,6918,6861,6841,6719,6907,6646,6906,6784,6756,6804,6625,6821,6791,6759,6785,6938,6911,6847,6702,6823,6867,6784,6723,6834,6597,6590,6430,6645,6826,6729,6856,6714,6552,6280,6340,6581,6305,6206,6022,4657,
4823,6137,6200,6409,6383,6290,6512,6747,6599,6468,6494,6583,6745,6828,6655,6720,6827,6724,6840,6834,6724,6705,6768,6855,6808,6687,6747,6686,6918,6881,6849,7027,6797,6574,6789,6980,6982,6895,6871,6902,6951,6795,6933,7105,7184,7014,7054,6897,6808,6636,6665,6803,6782,6898,6717,6864,7009,7026,7008,6694,6694,6675,6822,6661,6952,6900,6764,6646,6611,6714,6771,6685,6841,6806,6826,6836,6899,6948,6908,6719,6979,6993,6858,6842,6737,6660,6605,6782,6605,6648,6692,6623,6529,6449,6376,6239,6271,6022,5861,4596,
4860,6177,6186,6425,6393,6446,6335,6507,6740,6597,6549,6595,6775,6912,7021,6669,6857,6919,6817,6774,6775,6713,6660,6614,6549,6797,6662,6836,7013,6826,6908,6710,6765,6690,6779,6819,6704,6848,6820,6775,6647,6585,6845,6979,7004,6812,7011,6961,6793,6833,6872,6947,6798,7072,6808,6901,7053,7026,6790,6832,6874,6735,6955,6824,6814,6849,6854,6714,6733,6667,6799,6820,6665,6773,6867,6819,6992,6846,6716,6824,6823,6824,6760,6782,6673,6626,6588,6727,6619,6797,6732,6437,6580,6456,6493,6321,6173,5969,5711,4469,
4901,6138,6234,6375,6365,6463,6350,6675,6741,6629,6716,6612,6637,6746,6973,6842,6705,6900,6821,6892,6681,6788,6647,6712,6603,6716,6729,6726,6825,6774,6958,6881,6557,6865,6952,6706,6756,6868,6764,6860,6843,6741,6846,6796,6860,6794,6958,7040,6833,6875,6781,6888,7003,6936,6965,6934,6907,7014,7004,6924,6960,6641,6737,6835,6586,6797,6842,6847,7026,6863,6962,6871,6759,6822,6752,6833,6893,6887,6694,6758,6807,6771,6696,6670,6709,6708,6692,6844,6912,6784,6805,6588,6510,6420,6306,6375,6173,6016,5894,4606,
4725,6217,6047,6139,6300,6512,6544,6585,6636,6806,6611,6897,6713,6833,6928,6875,6809,6681,6905,6706,6816,6680,6831,6638,6879,6857,6743,6673,6915,7107,6873,6900,6929,6948,6887,6678,6720,6848,6824,6614,6745,6652,6762,6962,7038,6922,6792,6965,6705,6827,6891,6858,6828,6794,6980,7002,6814,6916,6944,6920,6929,6787,6702,6825,6911,6700,6922,6969,6886,6917,6801,6842,6839,6966,6868,6772,6893,6875,6850,6861,6936,6885,6645,6714,6781,6750,6659,6754,6720,6694,6554,6520,6384,6449,6443,6446,6251,6181,5795,4572,
4821,6008,6092,6252,6426,6524,6582,6573,6472,6614,6723,6767,6814,6828,6883,6992,6986,6797,6812,6806,6679,6806,6832,6795,6789,6820,6787,6739,6777,6851,6880,6845,6852,6803,6643,6681,6833,6810,6807,6820,6688,6687,6856,6799,6967,6926,6888,6828,6817,6685,6911,6858,6956,7179,6778,6897,6952,6886,6983,6740,6712,6688,6671,6822,6902,7024,6889,6813,6876,6894,6979,7049,7084,7019,6910,6720,6645,6859,6665,6766,6807,6609,6684,6748,6816,6794,6679,6590,6713,6586,6620,6377,6304,6229,6065,6227,6118,6150,5885,4564,
4684,6190,6064,6441,6408,6455,6587,6453,6508,6667,6627,6929,6703,6661,6828,6930,6968,6958,6746,6696,6779,6709,6816,6758,6728,6777,6762,6721,6700,6685,6786,6764,6748,6740,6651,6656,6791,6889,6821,6701,6689,6820,6785,6765,6680,6630,6800,6782,6735,6903,6839,6931,6734,6977,6964,6743,6792,7044,6862,6710,6699,6514,6710,6810,6700,6661,6661,6635,6831,6826,6880,7001,7012,7066,6924,6856,6713,6858,6591,6684,6615,6687,6847,6657,6605,6748,6639,6496,6623,6613,6558,6411,6425,6465,6318,6179,6059,6119,5908,4930,
4752,6091,6273,6410,6509,6523,6543,6585,6392,6780,6759,6721,6573,6788,6963,6810,6912,6814,6882,6568,6794,6816,6752,6860,6992,6784,6800,6700,6709,6777,6610,6807,6687,6800,6785,6737,6754,6739,6787,6697,6730,6761,6819,6782,6807,6716,6746,6790,6852,6847,6850,6707,6775,6927,6823,6761,6859,6738,6811,6875,6843,6787,6722,6815,6725,6736,6819,6897,6837,6893,6906,6961,6896,6911,7032,6914,6797,7080,6814,6697,6883,6778,6642,6687,6662,6749,6836,6590,6629,6634,6536,6264,6342,6327,6322,6140,6202,6133,6110,4920,
4721,5994,6219,6386,6452,6577,6510,6374,6496,6629,6586,6720,6816,6743,6871,6762,6764,6754,6698,6723,6675,6788,6837,6926,6947,6880,6706,6687,6727,6671,6586,6583,6588,6717,6599,6759,6734,6687,6847,6747,6665,6646,6670,6877,6741,6640,6585,6689,6796,0,0,0,6821,6856,6699,6933,6975,6816,6835,6751,6921,6749,6714,6815,6698,6731,6735,6807,6835,6894,6754,6718,6677,6809,6814,6817,6628,6871,6719,6702,6824,6518,6542,6505,6733,6834,6645,6538,6584,6721,6690,6627,6632,6530,6291,6302,6164,6158,6071,4648,
4864,6106,6208,6220,6413,6657,6562,6397,6462,6625,6770,6702,6887,6740,6803,6728,6713,6776,6787,6703,6912,6972,6704,6723,6906,6733,6708,6789,6715,6727,6693,6622,6535,6712,6672,6818,6612,6410,6824,6580,6704,6608,6536,6582,6611,6662,6832,6792,6810,0,0,0,6819,6835,7014,6753,6824,6748,6804,6744,6817,6728,6799,6605,6985,6875,6937,6955,7059,7019,6877,6687,6608,6712,6845,6908,6577,6899,6809,6667,6695,6687,6792,6570,6606,6878,6637,6700,6573,6811,6567,6533,6408,6356,6332,6375,6199,5992,6150,4762,
4707,6120,6228,6252,6272,6369,6500,6576,6515,6662,6699,6737,6662,6564,6762,6756,6586,6524,6529,6735,6686,6915,6700,6805,6697,6680,6771,6723,6745,6747,6736,6653,6541,6665,6702,6665,6542,6840,6541,6755,6607,6676,6736,6623,6762,6666,6664,6591,6723,0,0,0,6710,6864,6791,6793,6768,6865,6862,6782,6935,6783,6844,6899,6859,6906,6875,6994,7091,6952,6841,6789,6755,6880,6792,6711,6661,6706,6695,6921,6789,6759,6725,6866,6741,6632,6510,6683,6713,6567,6742,6773,6529,6418,6391,6442,6405,6295,5925,4775,
4650,6084,6225,6266,6342,6390,6606,6760,6710,6703,6867,6769,6668,6699,6691,6766,6631,6713,6580,6681,6753,6808,6937,6639,6667,6612,6720,6710,6851,6809,6718,6737,6654,6588,6736,6772,6738,6760,6701,6755,6895,6921,6824,6606,6749,6591,6604,6740,6364,6621,6823,6868,6820,6865,6887,6852,6491,6824,6911,6835,6930,6898,6885,6833,6863,6954,7082,6913,6856,6937,6833,6646,6674,6683,6638,6652,6798,6928,6783,6717,6903,6785,6684,6832,6717,6722,6527,6614,6606,6789,6546,6505,6468,6421,6269,6355,6245,6274,6050,4670,
4514,6060,6086,6206,6339,6226,6578,6692,6608,6750,6648,6786,6612,6603,6637,6721,6643,6854,6710,6597,6791,6793,6799,6750,6847,6709,6723,6701,6803,6775,6572,6777,6725,6608,6678,6522,6836,6701,6776,6755,6858,6928,6864,6709,6785,6724,6677,6647,6669,6713,6854,6738,6801,6843,6776,6867,6702,6657,6731,6714,6961,6826,6816,6909,6922,7045,6944,6819,7015,6788,6601,6641,6541,6665,6671,6573,6818,6699,6693,6625,6802,6855,6751,6940,6819,6716,6645,6620,6624,6760,6718,6622,6543,6553,6411,6283,6337,6303,6047,4834,
4583,6189,6191,6283,6499,6557,6623,6702,6794,6761,6745,6581,6801,6696,6587,6757,6662,6705,6742,6723,6577,6827,6759,6632,6905,6795,6868,6835,6698,6895,6828,6659,6837,6849,6722,6625,6640,6750,6882,6892,6751,6772,6718,6574,6715,6778,6636,6637,6777,6694,6950,6761,6736,6762,6819,6733,6682,6720,6831,6620,6684,6729,6903,6919,6634,6850,6974,6857,6892,6811,6713,6541,6592,6726,6646,6654,6710,6830,6832,6616,6742,6832,6914,6848,6740,6750,6706,6726,6828,6885,6612,6498,6361,6288,6297,6366,6403,6126,6167,4780,
4772,5846,6015,6390,6449,6373,6649,6641,6706,6755,6702,6717,6746,6742,6782,6659,6653,6662,6695,6647,6645,6656,6710,6817,6794,6830,6978,6935,6701,6856,6872,6883,6778,6909,6753,6841,6682,6762,6842,6659,6710,6831,6846,6718,6899,6851,6603,6659,6743,6813,6816,6937,6816,6897,6953,6826,6906,6775,6769,6775,6820,6781,6830,6827,6844,6765,6862,6868,6868,6827,6903,6796,6705,6720,6698,6800,6961,6887,6745,7012,6644,6829,6595,6864,6650,6840,6805,7018,6739,6544,6637,6527,6456,6460,6419,6309,6414,6231,6115,4772,
4688,5918,6008,6194,6475,6556,6481,6772,6881,6843,6899,6657,6867,6901,6722,6717,6667,6724,6728,6728,6574,6718,6856,6797,6744,6898,6902,6923,6700,6692,6662,6758,6847,6794,6750,6808,6769,6853,6946,6830,6833,6640,6797,6949,6867,6904,6843,6849,6864,6862,6977,7017,6751,6995,6640,6823,6650,6870,6739,6790,6674,6720,6875,6787,6788,6742,6972,6953,6948,6772,7005,6759,6746,6779,6473,6660,6810,6633,6670,6855,6814,7017,6868,6733,6796,6837,7000,6764,6719,6755,6698,6579,6556,6519,6527,6382,6128,6064,6048,4697,
4716,5910,6137,6216,6332,6541,6815,6554,6920,6741,6756,6670,6819,6809,6599,6755,6685,6639,6682,6657,6753,6604,6766,6828,6735,6770,6844,6814,6858,6658,6829,6745,6781,6915,6854,6993,7081,6792,6890,6930,6925,6834,6863,6819,6941,6880,6903,6786,6953,6910,6730,6920,6850,6734,6742,6992,6859,6823,6826,6695,6595,6615,6591,6684,7071,6802,6852,6676,6772,6946,6785,6931,6752,6567,6856,6476,6658,6605,6638,6949,6858,6840,6910,6879,6741,6770,6851,6750,6762,6565,6466,6503,6473,6683,6561,6552,6139,6118,5971,4633,
4761,6052,6163,6469,6441,6494,6759,6736,6731,6686,6577,6613,6724,6812,6816,6732,6612,6792,6801,6673,6728,6647,6703,6816,6791,6889,6934,7011,6665,6861,6758,6925,6805,6774,7056,6948,6769,6847,6764,7099,6875,6969,6918,6910,6778,6699,6729,6811,6924,6910,6743,6828,6740,6780,6897,6981,6760,6805,6692,6837,6612,6696,6865,6961,6841,6847,6916,6844,6909,7017,6862,6935,6711,6515,6707,6738,6652,6612,6880,6857,6651,6812,6640,6767,6640,6697,6640,6721,6784,6756,6577,6566,6500,6640,6582,6393,6274,6170,5762,4619,
4955,6361,6292,6438,6395,6601,6486,6607,6680,6780,6865,6705,6615,6597,6734,6796,6791,6744,6625,6684,6864,6877,6801,6883,6859,6717,6853,6869,6811,6763,6777,6890,6968,6934,6806,6959,6947,6874,6875,6861,7019,6844,6867,6906,6824,6915,6692,6854,6898,6987,6931,6924,6809,6833,6859,6785,6810,6891,6894,6759,6875,6673,6806,6839,6755,6743,6793,6763,6810,6949,6901,6890,6712,6567,6816,6796,6720,6728,6835,6920,6837,6678,6831,6581,6552,6592,6797,6721,6709,6721,6604,6521,6550,6618,6553,6306,6364,6249,5954,4797,
4986,6321,6425,6597,6411,6563,6478,6406,6497,6600,6675,6794,6760,6703,6734,6633,6810,6767,6650,6628,6920,6936,6921,6922,6712,6732,6913,7014,6838,6997,6877,6853,6868,6871,6921,7089,7030,7007,6899,6844,6882,6659,6868,6791,6743,6710,6786,6790,6775,6637,6746,6841,6727,6793,6849,6722,6754,6810,6798,6865,6790,6940,6694,6837,6674,6848,6936,7001,6703,6856,6921,6759,6842,6857,6746,6692,6523,6783,6907,6818,6926,6758,6732,6697,6728,6672,6829,6625,6523,6490,6503,6467,6685,6461,6450,6191,6171,6313,5936,4759,
4823,6145,6397,6504,6531,6495,6441,6389,6568,6627,6683,6724,6641,6888,6915,6841,6674,6752,6619,6794,6725,6697,6958,6750,6725,6904,6985,7053,6877,6980,6895,6893,6846,7006,6872,7106,6779,6895,6768,6806,6848,6693,6912,6818,6669,6731,6651,6833,6656,6811,6900,6755,6631,6717,6765,6987,6877,6937,6854,7066,7028,6899,6924,6652,6723,6936,6840,6811,6821,6818,6759,6769,6792,6888,6735,6876,6711,6917,6931,6957,6730,6749,6823,6709,6708,6863,6645,6757,6723,6629,6473,6499,6614,6542,6450,6361,6399,6154,5983,4604,
4885,6120,6311,6320,6357,6515,6650,6454,6416,6551,6630,6627,6682,6645,6720,6853,6754,6813,6632,6867,6747,6911,6894,7021,6851,6886,6951,6859,6939,7031,6988,7044,6780,6880,6976,6792,6841,6866,6825,6885,6845,6791,6840,6794,6755,6665,6720,6715,6851,6996,6912,6852,6778,6947,6787,6849,6974,6903,6870,6943,6941,7071,6835,6802,6851,6612,6878,6820,6749,6785,6810,6817,6767,6722,6729,6799,6849,7059,6753,6753,6809,6799,6863,6928,6682,6768,6680,6782,6643,6713,6620,6700,6620,6611,6559,6303,6390,6352,6108,4759,
4716,6078,6343,6346,6462,6432,6389,6462,6404,6365,6589,6646,6666,6487,6691,6880,6757,6673,6784,6658,6663,6661,6772,6788,6840,7068,6966,6965,7009,6899,6980,7049,6782,6670,6873,6836,6788,6641,6911,7043,6987,6970,6831,6887,6897,6769,6897,6883,6839,6823,6658,6722,6703,6707,6845,6778,7039,6979,6812,6832,6794,6834,6846,6797,6696,6826,6909,6874,6914,6773,6793,6719,6725,6937,7022,6930,6924,6961,6976,6742,6764,6930,6844,6903,6744,6898,6845,7000,6764,6782,6607,6632,6431,6262,6379,6418,6292,6160,6049,4904,
4706,6075,6292,6252,6353,6203,6289,6351,6386,6491,6554,6644,6698,6763,6668,6710,6661,6571,6609,6680,6705,6674,6808,6911,6835,7119,7077,6964,7020,7137,6964,6925,6766,6715,6661,6815,6895,6744,6925,6940,7133,7008,7097,6816,6807,6817,6741,6668,7002,6825,6780,6753,6729,6723,6850,6793,6892,7018,6996,6946,6783,6635,6871,6596,6725,6741,6907,6746,6660,6779,6766,6844,6849,6908,6884,6780,6889,6929,6916,6772,6942,6862,6914,6859,6941,6883,6807,6973,6812,6683,6725,6534,6263,6338,6262,6307,6255,6106,6056,4760,
4809,6059,6212,6312,6211,6398,6628,6596,6574,6688,6618,6818,6754,6620,6759,6728,6906,6858,6757,6813,6819,6670,6912,6989,7098,7043,6922,7020,7066,6961,6976,6785,6756,6791,6593,6703,6819,6807,7012,7120,6895,6854,7000,7032,6957,6899,6767,6795,6713,6844,6784,6698,6817,6669,6904,6973,6813,6770,6711,6735,6691,6781,6747,6706,6707,6883,6800,6807,6639,6727,6811,6875,6949,6828,6867,6922,6958,6685,6944,6756,6897,6616,6915,6875,6751,6712,6831,6963,6755,6756,6707,6460,6391,6284,6272,6350,6125,6270,6129,4758,
4710,6197,6320,6317,6520,6445,6674,6517,6447,6531,6567,6610,6469,6529,6747,6731,6740,6927,6695,6642,6831,6707,6782,6959,6985,7001,7102,7009,6841,6816,6943,6845,6741,6649,6648,6773,6736,6690,6820,6861,6923,6944,6918,6646,6781,6780,6922,6884,6961,6850,6867,6705,6857,6815,6855,6746,6599,6852,6740,6588,6744,6694,6767,6751,6675,6800,6750,6766,6854,6781,6805,6918,6768,6786,6839,6862,6981,6889,6745,6813,6763,6700,6871,6858,6888,6629,6855,6808,6875,6843,6583,6532,6435,6424,6331,6390,6247,6078,6140,4764,
4756,6075,6230,6489,6527,6456,6404,6494,6536,6588,6639,6644,6627,6465,6629,6764,6861,6790,6724,6625,6963,6892,6851,6907,6960,7213,7121,7057,6892,6950,6966,6866,6879,6784,6631,6429,6712,6697,6812,7023,6898,6885,6875,6762,7008,6809,6880,6842,6821,6855,6649,6659,6787,6745,6808,6726,6516,6689,6798,6668,6747,6719,6821,6751,6755,6822,6699,6798,6797,6721,6672,6593,6656,6793,6984,7231,6968,6824,6723,6835,6888,6878,7078,6864,6870,6757,6680,6692,6803,6564,6690,6706,6443,6519,6368,6289,6220,6230,6024,4706,
4759,6102,6036,6285,6272,6275,6416,6485,6266,6504,6516,6707,6670,6660,6637,6630,6681,6753,6895,6825,6917,6925,6963,7114,7069,7056,7253,7115,7023,6961,6843,6729,6875,6621,6725,6804,6683,6592,6859,6731,6844,6709,7059,6722,6889,6889,6967,7006,6835,6866,6799,6809,6763,6784,7051,6851,6814,6770,6662,6680,6737,6751,6809,6848,6786,6735,6912,6844,6922,6938,6793,6499,6744,6826,6840,7053,6906,6701,6780,6753,6767,6853,6965,6876,6882,6776,6596,6680,6719,6681,6636,6766,6402,6465,6450,6397,6071,6187,6055,4573,
4758,6036,6084,6152,6372,6325,6472,6528,6583,6445,6415,6609,6568,6580,6827,6628,6634,6698,6786,6702,6916,6844,6938,6970,7160,6976,7055,6991,6812,6926,6784,6661,6711,6557,6677,6719,6605,6716,6854,6837,6877,6817,6918,6875,6975,6969,6997,6856,6810,6892,6932,6796,6705,6782,6811,6715,6645,6833,6565,6485,6591,6857,6960,6960,6899,7010,6829,6741,6885,6967,6881,6810,6772,6833,6881,7060,6953,7022,6900,7059,6770,6890,6986,6989,6914,6910,6680,6853,6858,6750,6684,6604,6574,6427,6511,6356,6196,6073,5976,4778,
4619,6019,6068,6186,6187,6343,6591,6570,6499,6457,6543,6481,6669,6664,6699,6765,6835,6745,6751,6829,7020,6812,6761,6928,6961,7081,7196,6857,7020,6831,6613,6689,6546,6598,6589,6539,6628,6672,6800,6825,6967,6940,6871,6953,6977,6902,7091,7076,7046,7000,6864,6674,6585,6711,6606,6769,6698,6711,6623,6559,6656,6799,6855,6881,6864,6881,6944,6927,6941,6846,6939,6721,6866,6882,7002,6913,6948,6964,6867,6968,6891,6941,6820,6849,7041,6991,6859,6732,6891,6781,6718,6854,6429,6374,6400,6479,6074,6274,6138,4818,
4596,6051,6071,6303,6378,6445,6611,6506,6493,6515,6562,6682,6583,6885,6769,6642,6951,6661,6721,6880,6967,6927,6893,6801,6995,7096,7120,7048,7041,6959,6918,6725,6804,6627,6618,6797,6999,6781,6829,6735,6868,6811,6764,6751,7042,6916,6991,6996,7047,6928,6947,6908,6768,6841,6640,6786,6700,6772,6728,6661,6969,6860,6877,6862,6809,6795,6810,6997,6870,6851,6812,6694,6844,6830,6820,6956,7138,6985,6803,6794,6851,6851,6909,6960,6939,6841,6866,6719,6816,6751,6580,6715,6530,6306,6321,6365,6179,6040,6003,4610,
4764,6110,6457,6243,6519,6495,6575,6486,6723,6616,6606,6582,6700,6692,6784,6651,6850,6848,6749,6819,6770,6812,6774,6871,7032,7070,6947,6897,6916,6830,7027,6713,6676,6602,6718,6723,6780,6897,6955,6899,6893,6960,6916,6979,6854,6859,6870,6836,6919,6748,6857,6785,6810,6757,6561,6663,6777,6696,6852,6759,6729,6766,7024,6805,6865,6854,7051,6955,6896,6872,6924,6930,7038,6820,6899,7014,7079,6977,6966,6734,6867,6767,6732,6786,6827,6793,6781,6713,6796,6733,6905,6734,6657,6523,6356,6404,6180,6053,5930,4710,
4860,6083,6151,6258,6511,6548,6599,6562,6460,6548,6654,6786,6842,6738,6726,6595,6611,6694,6891,7037,6909,6764,6886,6943,7006,7013,6872,6779,6795,6877,6877,6675,6718,6466,6665,6719,6834,6825,6836,6852,6930,6894,7056,7011,6882,6898,6843,6767,6859,6918,6646,6687,6844,6827,6872,6907,6680,6672,6784,6797,6837,7036,7042,7085,6906,6670,6949,6901,6959,6846,6924,6944,6908,6973,6904,6959,7074,6872,7034,6872,6856,6806,6786,6769,6747,6710,6794,6669,6613,6643,6819,6711,6697,6619,6583,6499,6390,6233,6057,4667,
4783,6015,6188,6295,6445,6428,6563,6449,6610,6626,6513,6602,6804,6680,6821,6796,6618,6782,6823,6837,6900,6833,6833,6852,6961,6795,6674,6851,6767,6929,6873,6801,6900,6642,6722,6598,6743,6741,6715,6814,6908,6828,6888,7056,7056,6828,6842,6887,6817,6851,6761,6949,6811,6689,6698,6725,6724,6753,6834,6796,6723,6921,6797,6898,6819,6878,6982,7002,6883,6758,6759,7030,6923,6875,7048,7016,7051,6890,6836,6759,6756,6700,6893,6718,6777,6849,6874,6668,6720,6935,6719,6641,6695,6404,6465,6439,6375,6360,6164,4539,
4931,6184,6032,6216,6510,6440,6421,6445,6594,6530,6723,6677,6761,6588,6770,6925,6781,6773,6955,6921,6795,6617,6849,7003,6856,6814,6826,6498,6772,6879,6882,6706,6887,6763,6587,6661,6738,6669,6822,6872,6712,6932,6863,6875,7021,6789,6833,6797,6943,6895,6773,6914,6868,6781,6679,6847,6795,6789,6713,6834,6660,6700,6758,6807,6836,6905,6923,7027,6776,6722,6860,6787,6969,6897,7026,6949,6824,6986,6839,6932,6871,6701,6860,6700,6805,6772,7069,6974,6791,6764,6801,6742,6780,6475,6560,6592,6334,6227,6211,4793,
4916,6217,6002,6466,6562,6493,6577,6599,6613,6731,6656,6874,6818,6814,6750,6885,6810,6930,6959,7012,6934,6710,6745,6966,6703,6720,6633,6538,6762,6900,6875,6686,6803,6567,6689,6743,6723,6726,6776,6848,6773,6884,6940,6831,6883,6732,6869,6834,6829,6985,7131,6829,6893,6804,6799,6804,6899,6920,6742,6891,6754,6815,6802,6749,6841,6995,6945,6908,6929,6678,6838,6885,6751,6852,6938,6992,6927,6906,6755,6730,6652,6859,6606,6589,6919,6757,6790,6763,6726,6709,6736,6652,6585,6646,6596,6394,6398,6299,6087,4758,
4795,6079,6222,6290,6355,6431,6591,6503,6595,6567,6632,6771,6759,6811,6812,6738,6705,6798,6780,6861,6985,6867,6944,6730,6708,6619,6775,6664,6669,6722,6861,6887,6811,6834,6842,6880,6810,6800,6785,6803,6751,6710,6899,6683,6705,6757,6810,6980,6780,7053,6991,7000,6981,6799,6656,6786,6678,6819,6890,6798,6849,6885,6674,6803,6966,6988,6780,6916,6759,6824,6876,6726,6855,6817,6902,6850,6979,6989,6679,6760,6748,6812,6763,6762,6780,6775,6918,6998,7051,6912,7016,6844,6601,6640,6552,6478,6082,6248,6034,4758,
4852,6111,6338,6214,6427,6644,6482,6449,6459,6585,6740,6762,6723,6769,6972,6861,6850,6739,6884,6941,7048,6906,7085,6970,6804,6702,6765,6691,6672,6702,6936,6888,6912,6764,6850,6970,6774,6876,6674,6715,6640,6619,6789,6772,6924,7058,6873,7022,6800,6898,6954,6968,7143,6825,6600,6736,6720,6860,6864,6822,6637,6638,6886,6859,6927,6966,7098,7135,7002,6712,6731,6891,6763,6759,6865,6638,6660,6724,6710,6748,6718,6826,6800,6947,6892,6861,6798,6803,6781,6903,6921,6840,6608,6634,6628,6398,6316,6184,6087,4794,
4782,6065,6270,6234,6213,6512,6397,6442,6502,6684,6694,6674,6642,6625,6877,6876,6750,6721,6912,6938,7005,6791,6719,6718,6741,6770,6790,6767,6779,6579,6678,6934,6742,7005,6859,6789,6835,6759,6772,6749,6920,6661,6808,6577,6781,6989,6878,6823,6852,6925,6753,6872,6761,6698,6796,6635,6796,6670,6800,6657,6529,6553,6854,6639,6814,6835,6914,7025,6806,6779,6688,7031,6899,6808,6914,6717,6812,6755,6677,6724,6868,6683,6750,6735,6844,6855,6768,6735,6608,6820,6830,6689,6550,6568,6576,6398,6521,6217,6061,4745,
4628,5952,6011,5979,6097,6310,6315,6386,6466,6711,6707,6861,6818,6814,6730,6839,6715,6792,6903,6952,6769,6679,6620,6595,6866,6802,7044,6898,6896,6762,6722,6900,6747,6759,6906,6825,6842,6713,6721,6789,6663,6657,6508,6776,6717,6848,7003,6933,7031,6795,6869,6801,6805,6803,6858,6698,6779,6813,6653,6777,6796,6776,6821,6617,6683,7062,6915,6893,7019,6636,6727,6914,6853,6869,6923,6776,6896,6559,6621,6699,6798,6929,6901,6786,6695,6884,6741,6662,6599,6888,6611,6656,6712,6595,6423,6567,6356,6288,6197,4837,
4660,5950,5956,6119,6223,6286,6460,6338,6434,6467,6554,6823,6803,6839,6833,6870,6823,6964,6867,6820,6730,6730,6719,6634,6761,6770,6935,6568,6700,6662,6579,6818,6847,6824,6871,6833,6493,6572,6689,6721,6658,6632,6503,6707,6936,6809,6829,6859,6793,6590,6748,6631,6780,6730,6704,6753,6798,6904,6821,6602,6732,6838,6768,6769,6652,6934,6816,6791,7034,6915,6722,6773,6841,6651,6796,6733,6703,6619,6684,6719,6746,6857,6812,6856,6939,6847,6704,6719,6552,6692,6598,6588,6595,6506,6584,6573,6373,6264,6043,4697,
4741,5716,5863,5917,6198,6302,6352,6539,6513,6460,6546,6720,6665,6682,6696,6816,6669,6744,6934,6915,6784,6884,6648,6993,6977,6801,6771,6904,6990,6839,6836,6707,6620,6856,6764,6624,6550,6687,6605,6763,6828,6420,6496,6664,6727,6822,6789,6711,6803,6638,6814,6765,6932,6837,6739,6769,6775,6692,6688,6529,6658,6474,6575,6846,6619,6721,6781,6669,6895,6736,6863,6578,6748,6686,6787,6750,6722,6808,6737,6785,6827,6696,6528,6852,6692,6956,6966,6829,6575,6663,6834,6601,6621,6417,6453,6341,6373,6236,6210,4727,
4630,5958,5941,6088,6121,6168,6394,6539,6547,6446,6420,6692,6538,6822,6692,6663,6795,6792,6807,6733,6842,6876,6729,6801,6773,6889,6914,6822,6889,6910,6706,6610,6682,6776,6706,6788,6735,6595,6606,6559,6576,6406,6625,6733,6756,6722,6898,6708,6797,6644,6763,6866,6794,6633,6753,6587,6770,6746,6678,6691,6576,6710,6768,6819,6705,6630,6502,6795,6879,6854,6799,6855,6827,6831,6654,6687,6662,6749,6758,6541,6600,6914,6590,6840,6882,6954,6966,6764,6620,6652,6673,6480,6599,6510,6576,6438,6300,6118,5994,4794,
4649,5874,5925,6008,6208,6377,6325,6577,6399,6601,6577,6471,6519,6795,6765,6746,6949,6824,6707,6704,6935,6740,6448,6683,6621,6838,6772,6916,6853,6701,6629,6632,6725,6824,6640,6690,6629,6792,6591,6714,6498,6790,6709,6856,6674,6791,7001,6783,6902,6733,6829,6813,6747,6642,6673,6691,6801,6603,6378,6455,6527,6523,6607,6744,6545,6586,6699,6719,6725,6843,6723,6783,6670,6826,6666,6677,6607,6788,6748,6619,6752,6819,6807,6930,6921,6930,6752,6640,6660,6709,6580,6588,6469,6417,6328,6236,6098,5933,5925,4577,
4652,6029,6053,6071,6210,6364,6283,6528,6218,6420,6453,6636,6473,6676,6670,6663,6804,6660,6667,6759,6945,6970,6672,6746,6704,6635,6710,6734,6745,6770,6665,6695,6770,6629,6600,6564,6551,6810,6735,6652,6678,6753,6561,6679,6679,6773,6890,6733,6818,6668,6638,6642,6592,6646,6618,6581,6638,6553,6398,6637,6583,6545,6515,6554,6587,6562,6579,6679,6662,6670,6562,6618,6719,6656,6739,6747,6713,6710,6586,6614,6647,6696,6770,6791,6661,6859,6667,6570,6514,6352,6461,6453,6447,6406,6346,6221,6103,6040,5907,4629,
4666,5833,6005,6072,6277,6179,6425,6326,6374,6424,6518,6512,6481,6676,6510,6638,6632,6846,6600,6700,6779,6717,6813,6694,6678,6760,6743,6751,6779,6587,6562,6710,6801,6800,6730,6650,6814,6562,6736,6764,6595,6533,6636,6565,6696,6638,6656,6793,6833,6711,6743,6524,6605,6630,6821,6554,6590,6391,6536,6442,6452,6382,6539,6612,6598,6463,6645,6706,6846,6806,6636,6816,6702,6736,6708,6621,6604,6545,6554,6696,6661,6695,6576,6792,6695,6661,6682,6591,6541,6609,6502,6355,6344,6087,6125,6221,6050,6080,5647,4638,
4718,5839,5950,6089,6138,6156,6296,6163,6100,6387,6508,6419,6473,6514,6482,6557,6658,6774,6721,6654,6669,6811,6666,6582,6430,6586,6513,6630,6687,6525,6574,6473,6629,6653,6665,6565,6613,6592,6512,6562,6455,6561,6625,6636,6577,6541,6700,6553,6605,6580,6661,6746,6542,6725,6674,6542,6539,6451,6496,6473,6410,6570,6599,6509,6450,6597,6513,6741,6795,6756,6657,6710,6742,6554,6544,6517,6573,6449,6605,6611,6572,6622,6662,6621,6763,6590,6599,6408,6428,6362,6239,6324,6222,5996,6068,6057,5809,5885,5680,4442,
4750,5822,5958,6016,6188,6243,6105,6210,6456,6425,6444,6468,6481,6535,6482,6419,6566,6558,6735,6692,6650,6532,6687,6597,6513,6587,6469,6613,6566,6709,6650,6638,6574,6619,6640,6414,6506,6437,6416,6585,6540,6513,6554,6586,6614,6529,6597,6628,6633,6649,6662,6619,6558,6559,6517,6466,6571,6499,6478,6440,6372,6600,6529,6579,6440,6446,6367,6613,6668,6658,6705,6622,6611,6405,6567,6524,6536,6468,6525,6752,6505,6441,6502,6484,6443,6604,6219,6474,6464,6381,6247,6332,6172,5962,6025,6005,5743,5777,5650,4424,
4588,5777,5998,6015,6064,6144,6116,6167,6117,6363,6329,6333,6430,6397,6351,6329,6438,6466,6484,6538,6607,6495,6489,6575,6467,6325,6497,6456,6426,6675,6498,6465,6459,6490,6575,6400,6537,6380,6371,6538,6319,6604,6615,6465,6564,6601,6690,6604,6570,6445,6599,6247,6351,6581,6549,6339,6590,6582,6459,6328,6474,6497,6399,6474,6455,6498,6432,6509,6557,6667,6678,6534,6511,6581,6387,6467,6586,6408,6358,6305,6256,6164,6343,6490,6370,6408,6353,6389,6319,6220,6181,6036,6345,6136,6027,6030,5765,5644,5530,4427,
4625,5745,5851,5922,5977,6247,6037,6196,6286,6328,6229,6423,6317,6259,6256,6217,6406,6411,6549,6356,6519,6486,6532,6373,6226,6455,6463,6398,6487,6557,6487,6478,6528,6683,6524,6261,6470,6286,6365,6295,6429,6493,6406,6350,6351,6324,6418,6697,6509,6484,6428,6442,6275,6407,6292,6293,6335,6458,6276,6308,6518,6595,6481,6490,6446,6226,6319,6257,6568,6560,6701,6429,6403,6460,6475,6478,6429,6531,6405,6411,6502,6332,6235,6480,6417,6462,6223,6235,6327,6129,6164,6276,6286,6056,5998,5859,5828,5860,5619,4390,
4516,5733,5817,6014,5847,5845,5852,5990,5967,6022,6180,6214,6352,6321,6166,6155,6212,6285,6357,6275,6268,6321,6236,6304,6401,6414,6361,6308,6455,6323,6246,6467,6467,6353,6351,6337,6247,6300,6418,6316,6369,6418,6291,6285,6139,6169,6298,6572,6426,6486,6472,6398,6255,6293,6270,6360,6381,6392,6467,6334,6400,6362,6448,6287,6339,6270,6369,6355,6521,6561,6465,6398,6338,6338,6362,6422,6391,6464,6399,6313,6356,6332,6404,6430,6368,6392,6390,6232,6299,6113,5989,6062,6014,5993,5803,5688,5699,5523,5442,4271,
4463,5757,5786,5634,5901,5767,5790,5849,5855,5778,5938,6173,6043,6125,5953,6173,6223,6324,6332,6186,6214,6278,6282,6216,6292,6251,6378,6216,6273,6175,6307,6276,6356,6167,6088,6226,6358,6293,6356,6179,6333,6279,6141,6130,6184,6255,6162,6324,6328,6428,6383,6319,6377,6245,6353,6287,6326,6301,6389,6281,6279,6242,6488,6419,6260,6338,6274,6255,6328,6544,6392,6372,6266,6258,6080,6529,6303,6402,6309,6153,6149,6224,6230,6255,6333,6309,6415,6080,6208,6057,6010,5881,5812,5664,5688,5580,5683,5522,5527,4077,
4210,5603,5483,5538,5696,5809,5813,5737,5751,5737,5798,5997,6127,6059,6048,6099,6238,6036,6199,6263,6307,6194,6113,6180,6208,6031,6059,6018,5883,6138,6124,6031,6134,6110,6262,6186,6183,6001,6270,6162,6390,6207,5995,6110,6038,6088,5998,6107,6313,6427,6299,6416,6282,6140,6247,6207,6275,6140,6194,6141,6088,6294,6339,6254,6374,6305,6293,6123,6173,6153,6146,6150,6023,6067,6094,6376,6115,6220,6282,6211,6265,6100,6131,6120,6215,6298,6208,6053,6053,5872,5854,5851,5934,5764,5602,5660,5432,5459,5232,4036,
3217,4301,4409,4465,4477,4517,4715,4726,4695,4659,4663,4572,4584,4716,4815,4866,5106,4931,5000,4806,4889,4862,4903,4969,4925,4779,4626,4626,4687,4605,4784,4712,4752,4831,4891,4807,4903,4801,4684,4844,5044,4732,4715,4648,4742,4755,4872,4987,4916,4880,4898,4957,4832,4922,4895,4863,4928,4909,5068,4894,4844,4869,4906,4889,4827,4978,4964,5002,4838,4758,4819,4821,4803,4786,4829,4935,4946,4917,5005,4885,4948,4805,4760,4796,4917,4929,4817,4746,4691,4608,4624,4574,4449,4538,4315,4347,4204,4157,4294,3071,